--
-- PostgreSQL database dump
--

-- Dumped from database version 14.15 (Homebrew)
-- Dumped by pg_dump version 14.15 (Homebrew)

SET statement_timeout = 0;
SET lock_timeout = 0;
SET idle_in_transaction_session_timeout = 0;
SET client_encoding = 'UTF8';
SET standard_conforming_strings = on;
SELECT pg_catalog.set_config('search_path', '', false);
SET check_function_bodies = false;
SET xmloption = content;
SET client_min_messages = warning;
SET row_security = off;

SET default_tablespace = '';

SET default_table_access_method = heap;

--
-- Name: auth_group; Type: TABLE; Schema: public; Owner: -
--

CREATE TABLE public.auth_group (
    id integer NOT NULL,
    name character varying(150) NOT NULL
);


--
-- Name: auth_group_id_seq; Type: SEQUENCE; Schema: public; Owner: -
--

ALTER TABLE public.auth_group ALTER COLUMN id ADD GENERATED BY DEFAULT AS IDENTITY (
    SEQUENCE NAME public.auth_group_id_seq
    START WITH 1
    INCREMENT BY 1
    NO MINVALUE
    NO MAXVALUE
    CACHE 1
);


--
-- Name: auth_group_permissions; Type: TABLE; Schema: public; Owner: -
--

CREATE TABLE public.auth_group_permissions (
    id integer NOT NULL,
    group_id integer NOT NULL,
    permission_id integer NOT NULL
);


--
-- Name: auth_group_permissions_id_seq; Type: SEQUENCE; Schema: public; Owner: -
--

ALTER TABLE public.auth_group_permissions ALTER COLUMN id ADD GENERATED BY DEFAULT AS IDENTITY (
    SEQUENCE NAME public.auth_group_permissions_id_seq
    START WITH 1
    INCREMENT BY 1
    NO MINVALUE
    NO MAXVALUE
    CACHE 1
);


--
-- Name: auth_permission; Type: TABLE; Schema: public; Owner: -
--

CREATE TABLE public.auth_permission (
    id integer NOT NULL,
    name character varying(255) NOT NULL,
    content_type_id integer NOT NULL,
    codename character varying(100) NOT NULL
);


--
-- Name: auth_permission_id_seq; Type: SEQUENCE; Schema: public; Owner: -
--

ALTER TABLE public.auth_permission ALTER COLUMN id ADD GENERATED BY DEFAULT AS IDENTITY (
    SEQUENCE NAME public.auth_permission_id_seq
    START WITH 1
    INCREMENT BY 1
    NO MINVALUE
    NO MAXVALUE
    CACHE 1
);


--
-- Name: authentication_user; Type: TABLE; Schema: public; Owner: -
--

CREATE TABLE public.authentication_user (
    id character varying(255) NOT NULL,
    password character varying(128) NOT NULL,
    last_login timestamp with time zone,
    is_superuser boolean NOT NULL,
    first_name character varying(255) NOT NULL,
    last_name character varying(255) NOT NULL,
    email character varying(254) NOT NULL,
    is_active boolean NOT NULL,
    created_at timestamp with time zone,
    deleted boolean,
    updated_at timestamp with time zone
);


--
-- Name: authentication_user_groups; Type: TABLE; Schema: public; Owner: -
--

CREATE TABLE public.authentication_user_groups (
    id integer NOT NULL,
    user_id character varying(255) NOT NULL,
    group_id integer NOT NULL
);


--
-- Name: authentication_user_groups_id_seq; Type: SEQUENCE; Schema: public; Owner: -
--

ALTER TABLE public.authentication_user_groups ALTER COLUMN id ADD GENERATED BY DEFAULT AS IDENTITY (
    SEQUENCE NAME public.authentication_user_groups_id_seq
    START WITH 1
    INCREMENT BY 1
    NO MINVALUE
    NO MAXVALUE
    CACHE 1
);


--
-- Name: authentication_user_user_permissions; Type: TABLE; Schema: public; Owner: -
--

CREATE TABLE public.authentication_user_user_permissions (
    id integer NOT NULL,
    user_id character varying(255) NOT NULL,
    permission_id integer NOT NULL
);


--
-- Name: authentication_user_user_permissions_id_seq; Type: SEQUENCE; Schema: public; Owner: -
--

ALTER TABLE public.authentication_user_user_permissions ALTER COLUMN id ADD GENERATED BY DEFAULT AS IDENTITY (
    SEQUENCE NAME public.authentication_user_user_permissions_id_seq
    START WITH 1
    INCREMENT BY 1
    NO MINVALUE
    NO MAXVALUE
    CACHE 1
);


--
-- Name: django_admin_log; Type: TABLE; Schema: public; Owner: -
--

CREATE TABLE public.django_admin_log (
    id integer NOT NULL,
    action_time timestamp with time zone NOT NULL,
    object_id text,
    object_repr character varying(200) NOT NULL,
    action_flag smallint NOT NULL,
    change_message text NOT NULL,
    content_type_id integer,
    user_id character varying(255) NOT NULL,
    CONSTRAINT django_admin_log_action_flag_check CHECK ((action_flag >= 0))
);


--
-- Name: django_admin_log_id_seq; Type: SEQUENCE; Schema: public; Owner: -
--

ALTER TABLE public.django_admin_log ALTER COLUMN id ADD GENERATED BY DEFAULT AS IDENTITY (
    SEQUENCE NAME public.django_admin_log_id_seq
    START WITH 1
    INCREMENT BY 1
    NO MINVALUE
    NO MAXVALUE
    CACHE 1
);


--
-- Name: django_content_type; Type: TABLE; Schema: public; Owner: -
--

CREATE TABLE public.django_content_type (
    id integer NOT NULL,
    app_label character varying(100) NOT NULL,
    model character varying(100) NOT NULL
);


--
-- Name: django_content_type_id_seq; Type: SEQUENCE; Schema: public; Owner: -
--

ALTER TABLE public.django_content_type ALTER COLUMN id ADD GENERATED BY DEFAULT AS IDENTITY (
    SEQUENCE NAME public.django_content_type_id_seq
    START WITH 1
    INCREMENT BY 1
    NO MINVALUE
    NO MAXVALUE
    CACHE 1
);


--
-- Name: django_migrations; Type: TABLE; Schema: public; Owner: -
--

CREATE TABLE public.django_migrations (
    id integer NOT NULL,
    app character varying(255) NOT NULL,
    name character varying(255) NOT NULL,
    applied timestamp with time zone NOT NULL
);


--
-- Name: django_migrations_id_seq; Type: SEQUENCE; Schema: public; Owner: -
--

ALTER TABLE public.django_migrations ALTER COLUMN id ADD GENERATED BY DEFAULT AS IDENTITY (
    SEQUENCE NAME public.django_migrations_id_seq
    START WITH 1
    INCREMENT BY 1
    NO MINVALUE
    NO MAXVALUE
    CACHE 1
);


--
-- Name: django_session; Type: TABLE; Schema: public; Owner: -
--

CREATE TABLE public.django_session (
    session_key character varying(40) NOT NULL,
    session_data text NOT NULL,
    expire_date timestamp with time zone NOT NULL
);


--
-- Name: hotels_address; Type: TABLE; Schema: public; Owner: -
--

CREATE TABLE public.hotels_address (
    id character varying(255) NOT NULL,
    created_at timestamp with time zone,
    updated_at timestamp with time zone,
    deleted boolean,
    street_address character varying(200),
    extended_address character varying(200),
    locality character varying(20),
    postal_code character varying(20),
    region character varying(20)
);


--
-- Name: hotels_hotel; Type: TABLE; Schema: public; Owner: -
--

CREATE TABLE public.hotels_hotel (
    id character varying(255) NOT NULL,
    created_at timestamp with time zone,
    updated_at timestamp with time zone,
    deleted boolean,
    name character varying(200),
    thumbnail_url character varying(200),
    locality character varying(20),
    total_reviews integer,
    star_rating double precision,
    address_id character varying(255) NOT NULL,
    price double precision,
    score double precision,
    latitude character varying(20),
    longitude character varying(20)
);


--
-- Data for Name: auth_group; Type: TABLE DATA; Schema: public; Owner: -
--

COPY public.auth_group (id, name) FROM stdin;
\.


--
-- Data for Name: auth_group_permissions; Type: TABLE DATA; Schema: public; Owner: -
--

COPY public.auth_group_permissions (id, group_id, permission_id) FROM stdin;
\.


--
-- Data for Name: auth_permission; Type: TABLE DATA; Schema: public; Owner: -
--

COPY public.auth_permission (id, name, content_type_id, codename) FROM stdin;
1	Can add log entry	1	add_logentry
2	Can change log entry	1	change_logentry
3	Can delete log entry	1	delete_logentry
4	Can view log entry	1	view_logentry
5	Can add permission	2	add_permission
6	Can change permission	2	change_permission
7	Can delete permission	2	delete_permission
8	Can view permission	2	view_permission
9	Can add group	3	add_group
10	Can change group	3	change_group
11	Can delete group	3	delete_group
12	Can view group	3	view_group
13	Can add content type	4	add_contenttype
14	Can change content type	4	change_contenttype
15	Can delete content type	4	delete_contenttype
16	Can view content type	4	view_contenttype
17	Can add session	5	add_session
18	Can change session	5	change_session
19	Can delete session	5	delete_session
20	Can view session	5	view_session
21	Can add user	6	add_user
22	Can change user	6	change_user
23	Can delete user	6	delete_user
24	Can view user	6	view_user
25	Can add address	7	add_address
26	Can change address	7	change_address
27	Can delete address	7	delete_address
28	Can view address	7	view_address
29	Can add hotel	8	add_hotel
30	Can change hotel	8	change_hotel
31	Can delete hotel	8	delete_hotel
32	Can view hotel	8	view_hotel
\.


--
-- Data for Name: authentication_user; Type: TABLE DATA; Schema: public; Owner: -
--

COPY public.authentication_user (id, password, last_login, is_superuser, first_name, last_name, email, is_active, created_at, deleted, updated_at) FROM stdin;
\.


--
-- Data for Name: authentication_user_groups; Type: TABLE DATA; Schema: public; Owner: -
--

COPY public.authentication_user_groups (id, user_id, group_id) FROM stdin;
\.


--
-- Data for Name: authentication_user_user_permissions; Type: TABLE DATA; Schema: public; Owner: -
--

COPY public.authentication_user_user_permissions (id, user_id, permission_id) FROM stdin;
\.


--
-- Data for Name: django_admin_log; Type: TABLE DATA; Schema: public; Owner: -
--

COPY public.django_admin_log (id, action_time, object_id, object_repr, action_flag, change_message, content_type_id, user_id) FROM stdin;
\.


--
-- Data for Name: django_content_type; Type: TABLE DATA; Schema: public; Owner: -
--

COPY public.django_content_type (id, app_label, model) FROM stdin;
1	admin	logentry
2	auth	permission
3	auth	group
4	contenttypes	contenttype
5	sessions	session
6	authentication	user
7	hotels	address
8	hotels	hotel
\.


--
-- Data for Name: django_migrations; Type: TABLE DATA; Schema: public; Owner: -
--

COPY public.django_migrations (id, app, name, applied) FROM stdin;
1	contenttypes	0001_initial	2025-03-21 17:32:52.599137+03
2	contenttypes	0002_remove_content_type_name	2025-03-21 17:32:52.610258+03
3	auth	0001_initial	2025-03-21 17:32:52.684646+03
4	auth	0002_alter_permission_name_max_length	2025-03-21 17:32:52.68994+03
5	auth	0003_alter_user_email_max_length	2025-03-21 17:32:52.69554+03
6	auth	0004_alter_user_username_opts	2025-03-21 17:32:52.700432+03
7	auth	0005_alter_user_last_login_null	2025-03-21 17:32:52.704685+03
8	auth	0006_require_contenttypes_0002	2025-03-21 17:32:52.707925+03
9	auth	0007_alter_validators_add_error_messages	2025-03-21 17:32:52.712773+03
10	auth	0008_alter_user_username_max_length	2025-03-21 17:32:52.717239+03
11	auth	0009_alter_user_last_name_max_length	2025-03-21 17:32:52.723164+03
12	auth	0010_alter_group_name_max_length	2025-03-21 17:32:52.729489+03
13	auth	0011_update_proxy_permissions	2025-03-21 17:32:52.733053+03
14	authentication	0001_initial	2025-03-21 17:32:52.812432+03
15	admin	0001_initial	2025-03-21 17:32:52.838112+03
16	admin	0002_logentry_remove_auto_add	2025-03-21 17:32:52.842781+03
17	admin	0003_logentry_add_action_flag_choices	2025-03-21 17:32:52.850081+03
18	auth	0012_alter_user_first_name_max_length	2025-03-21 17:32:52.854948+03
19	authentication	0002_auto_20200304_0814	2025-03-21 17:32:53.037104+03
20	authentication	0003_auto_20200304_0906	2025-03-21 17:32:53.071222+03
21	hotels	0001_initial	2025-03-21 17:32:53.088838+03
22	hotels	0002_auto_20200304_0906	2025-03-21 17:32:53.094818+03
23	hotels	0003_auto_20200304_0926	2025-03-21 17:32:53.115956+03
24	hotels	0004_hotel	2025-03-21 17:32:53.14413+03
25	hotels	0005_hotel_price	2025-03-21 17:32:53.148601+03
26	hotels	0007_auto_20200310_0552	2025-03-21 17:32:53.152235+03
27	hotels	0008_auto_20200310_1647	2025-03-21 17:32:53.158127+03
28	sessions	0001_initial	2025-03-21 17:32:53.173501+03
\.


--
-- Data for Name: django_session; Type: TABLE DATA; Schema: public; Owner: -
--

COPY public.django_session (session_key, session_data, expire_date) FROM stdin;
\.


--
-- Data for Name: hotels_address; Type: TABLE DATA; Schema: public; Owner: -
--

COPY public.hotels_address (id, created_at, updated_at, deleted, street_address, extended_address, locality, postal_code, region) FROM stdin;
-OM6KSuAYL69hEukNB3u	2025-03-24 11:47:28.41372+03	2025-03-24 11:47:28.413729+03	f	\N	\N	Nairobi	\N	Nairobi
-OM6KSufDxxPEZC0PvVq	2025-03-24 11:47:28.427722+03	2025-03-24 11:47:28.427729+03	f	\N	\N	Gigiri	\N	Nairobi
-OM6KSugdirXsyhZ5pTA	2025-03-24 11:47:28.429445+03	2025-03-24 11:47:28.429452+03	f	\N	\N	Kilimani	\N	Nairobi
-OM6KSuiexzSOvxxVrPI	2025-03-24 11:47:28.43123+03	2025-03-24 11:47:28.431236+03	f	\N	\N	Karen	\N	Nairobi
-OM6KSukqFjGGtaihsOg	2025-03-24 11:47:28.433018+03	2025-03-24 11:47:28.433024+03	f	\N	\N	Nairobi	\N	Nairobi
-OM6KSumuiGnRsC5Ytnx	2025-03-24 11:47:28.434728+03	2025-03-24 11:47:28.434735+03	f	\N	\N	Nairobi	\N	Nairobi
-OM6KSunA1x53jwc9rOl	2025-03-24 11:47:28.436458+03	2025-03-24 11:47:28.436465+03	f	\N	\N	Nairobi	\N	Nairobi
-OM6KSuppsV34fBf6RlQ	2025-03-24 11:47:28.438335+03	2025-03-24 11:47:28.438341+03	f	\N	\N	Nairobi	\N	Nairobi
-OM6KSur5bCkd2Yv9mNE	2025-03-24 11:47:28.440114+03	2025-03-24 11:47:28.440121+03	f	\N	\N	Nairobi West	\N	Nairobi
-OM6KSutF57Fs4ghC8Vj	2025-03-24 11:47:28.441899+03	2025-03-24 11:47:28.441905+03	f	\N	\N	Karen	\N	Nairobi
-OM6KSuvYeyEPVTKzaqe	2025-03-24 11:47:28.443647+03	2025-03-24 11:47:28.443653+03	f	\N	\N	Gigiri	\N	Nairobi
-OM6KSuwD545KY2EteR7	2025-03-24 11:47:28.445369+03	2025-03-24 11:47:28.445376+03	f	\N	\N	Kilimani	\N	Nairobi
-OM6KSuyDIRowgrZuRuj	2025-03-24 11:47:28.447103+03	2025-03-24 11:47:28.447109+03	f	\N	\N	Nairobi	\N	Nairobi
-OM6KSv-vLNWCFq43ESw	2025-03-24 11:47:28.448949+03	2025-03-24 11:47:28.448956+03	f	\N	\N	Nairobi	\N	Nairobi
-OM6KSv1A_eyiYlJErYl	2025-03-24 11:47:28.450723+03	2025-03-24 11:47:28.45073+03	f	\N	\N	Gigiri	\N	Nairobi
-OM6KSv2HNka6mIYHBFR	2025-03-24 11:47:28.452488+03	2025-03-24 11:47:28.452496+03	f	\N	\N	Kilimani	\N	Nairobi
-OM6KSv454zF0ixbApmm	2025-03-24 11:47:28.454314+03	2025-03-24 11:47:28.45432+03	f	\N	\N	Westlands	\N	Nairobi
-OM6KSv6h1JYbuYAicNv	2025-03-24 11:47:28.456077+03	2025-03-24 11:47:28.456083+03	f	\N	\N	Nairobi	\N	Nairobi
-OM6KSv8UrbYBaTfaz0j	2025-03-24 11:47:28.457828+03	2025-03-24 11:47:28.457835+03	f	\N	\N	Kilimani	\N	Nairobi
-OM6KSvAEVuPea7oRKrB	2025-03-24 11:47:28.459605+03	2025-03-24 11:47:28.459611+03	f	\N	\N	Kilimani	\N	Nairobi
-OM6KSvBWJgsaL6opFRd	2025-03-24 11:47:28.461343+03	2025-03-24 11:47:28.461349+03	f	\N	\N	Kilimani	\N	Nairobi
-OM6KSvDP4U5uiA_o1bm	2025-03-24 11:47:28.463121+03	2025-03-24 11:47:28.463127+03	f	\N	\N	Nairobi Upper Hill	\N	Nairobi
-OM6KSvF8KebABd7S-Qh	2025-03-24 11:47:28.464938+03	2025-03-24 11:47:28.464944+03	f	\N	\N	Karen	\N	Nairobi
-OM6KSvHCobUcZhRxm5f	2025-03-24 11:47:28.466971+03	2025-03-24 11:47:28.466977+03	f	\N	\N	Nairobi	\N	Nairobi
-OM6KSvJDVIkHpLlE_fH	2025-03-24 11:47:28.468782+03	2025-03-24 11:47:28.468788+03	f	\N	\N	Nairobi	\N	Nairobi
-OM6KSvLUZPdXi1_9RLO	2025-03-24 11:47:28.470938+03	2025-03-24 11:47:28.470944+03	f	\N	\N	Karen	\N	Nairobi
-OM6KSvN_G4VvghuBI_5	2025-03-24 11:47:28.472669+03	2025-03-24 11:47:28.472675+03	f	\N	\N	Nairobi West	\N	Nairobi
-OM6KSvQDCAWgZUPqrch	2025-03-24 11:47:28.476287+03	2025-03-24 11:47:28.476294+03	f	\N	\N	Kilimani	\N	Nairobi
-OM6KSvSPUesMDjfnP4j	2025-03-24 11:47:28.478286+03	2025-03-24 11:47:28.478293+03	f	\N	\N	Nairobi Upper Hill	\N	Nairobi
-OM6KSvUm1iXe9z8GjCp	2025-03-24 11:47:28.480221+03	2025-03-24 11:47:28.480229+03	f	\N	\N	Gigiri	\N	Nairobi
-OM6KSvWA5iQDxok_Szd	2025-03-24 11:47:28.482178+03	2025-03-24 11:47:28.482186+03	f	\N	\N	Nairobi	\N	Nairobi
-OM6KSvYqoHWobS0DqEj	2025-03-24 11:47:28.484158+03	2025-03-24 11:47:28.484166+03	f	\N	\N	Nairobi	\N	Nairobi
-OM6KSv_G6PCV35MF-X3	2025-03-24 11:47:28.486108+03	2025-03-24 11:47:28.486115+03	f	\N	\N	Embakasi	\N	Nairobi
-OM6KSvbR9R-3Y2v0GdV	2025-03-24 11:47:28.488112+03	2025-03-24 11:47:28.488119+03	f	\N	\N	Nairobi West	\N	Nairobi
-OM6KSvduoEXkSS_Yx-b	2025-03-24 11:47:28.490152+03	2025-03-24 11:47:28.490159+03	f	\N	\N	Kilimani	\N	Nairobi
-OM6KSvfH2xuQE2ZSKp7	2025-03-24 11:47:28.492154+03	2025-03-24 11:47:28.492162+03	f	\N	\N	Nairobi	\N	Nairobi
-OM6KSvh-XcYltIY_tSZ	2025-03-24 11:47:28.494609+03	2025-03-24 11:47:28.494617+03	f	\N	\N	Westlands	\N	Nairobi
-OM6KSvkbgObkIl8dVOQ	2025-03-24 11:47:28.496633+03	2025-03-24 11:47:28.49664+03	f	\N	\N	Gigiri	\N	Nairobi
-OM6KSvmGxT90hr6mpKs	2025-03-24 11:47:28.498596+03	2025-03-24 11:47:28.498604+03	f	\N	\N	Kilimani	\N	Nairobi
-OM6KSvnJBeS4uZ_JSBO	2025-03-24 11:47:28.500575+03	2025-03-24 11:47:28.500583+03	f	\N	\N	Nairobi Upper Hill	\N	Nairobi
-OM6KSvpq_phIA-RLq8S	2025-03-24 11:47:28.5025+03	2025-03-24 11:47:28.502508+03	f	\N	\N	Karen	\N	Nairobi
-OM6KSvrGsj4ooFuiWmL	2025-03-24 11:47:28.50449+03	2025-03-24 11:47:28.504498+03	f	\N	\N	Nairobi	\N	Nairobi
-OM6KSvtIwZ-3FjkxwbI	2025-03-24 11:47:28.506501+03	2025-03-24 11:47:28.506508+03	f	\N	\N	Lang'ata	\N	Nairobi
-OM6KSvveRmUZyidcHl0	2025-03-24 11:47:28.508466+03	2025-03-24 11:47:28.508473+03	f	\N	\N	Gigiri	\N	Nairobi
-OM6KSvxv5JKAUiyMyTj	2025-03-24 11:47:28.510499+03	2025-03-24 11:47:28.510511+03	f	\N	\N	Nairobi West	\N	Nairobi
-OM6KSw-oqeMnPB9BZh4	2025-03-24 11:47:28.512748+03	2025-03-24 11:47:28.512756+03	f	\N	\N	Nairobi	\N	Nairobi
-OM6KSw1QaeRT8yJE3u1	2025-03-24 11:47:28.514742+03	2025-03-24 11:47:28.51475+03	f	\N	\N	Gigiri	\N	Nairobi
-OM6KSw3-rL84OxwfHcw	2025-03-24 11:47:28.516708+03	2025-03-24 11:47:28.516715+03	f	\N	\N	Nairobi	\N	Nairobi
-OM6KSw5MVm5K1rP0XuE	2025-03-24 11:47:28.518639+03	2025-03-24 11:47:28.518646+03	f	\N	\N	Nairobi	\N	Nairobi
-OM6KSw7WkwFrgSFkB0X	2025-03-24 11:47:28.52057+03	2025-03-24 11:47:28.520578+03	f	\N	\N	Nairobi	\N	Nairobi
-OM6KSw9QbIovcpCVRuo	2025-03-24 11:47:28.5226+03	2025-03-24 11:47:28.522607+03	f	\N	\N	Nairobi	\N	Nairobi
-OM6KSwA4Y0Gzk8DZSqV	2025-03-24 11:47:28.524549+03	2025-03-24 11:47:28.524556+03	f	\N	\N	Kilimani	\N	Nairobi
-OM6KSwC_3pPlxCeEZxQ	2025-03-24 11:47:28.526496+03	2025-03-24 11:47:28.526504+03	f	\N	\N	Nairobi	\N	Nairobi
-OM6KSwFE2U37qGuXpNq	2025-03-24 11:47:28.52865+03	2025-03-24 11:47:28.528658+03	f	\N	\N	Nairobi	\N	Nairobi
-OM6KSwHrhx6O_iVZgP9	2025-03-24 11:47:28.530849+03	2025-03-24 11:47:28.530857+03	f	\N	\N	Westlands	\N	Nairobi
-OM6KSwJjeMC1ZMyaK8i	2025-03-24 11:47:28.532938+03	2025-03-24 11:47:28.532946+03	f	\N	\N	Kilimani	\N	Nairobi
-OM6KSwLLTpwcq7dckvl	2025-03-24 11:47:28.535102+03	2025-03-24 11:47:28.53511+03	f	\N	\N	Nairobi	\N	Nairobi
-OM6KSwN1Y9wEJBnsAjf	2025-03-24 11:47:28.537261+03	2025-03-24 11:47:28.537269+03	f	\N	\N	Nairobi	\N	Nairobi
-OM6KSwPJYzseK9nFUF3	2025-03-24 11:47:28.539476+03	2025-03-24 11:47:28.539483+03	f	\N	\N	Westlands	\N	Nairobi
-OM6KSwSUQu98ktAcb7z	2025-03-24 11:47:28.54165+03	2025-03-24 11:47:28.541658+03	f	\N	\N	Westlands	\N	Nairobi
-OM6KSwU8A2FHfU-p_Ne	2025-03-24 11:47:28.543798+03	2025-03-24 11:47:28.543805+03	f	\N	\N	Gigiri	\N	Nairobi
-OM6KSwWQapPv0HKOkAf	2025-03-24 11:47:28.545971+03	2025-03-24 11:47:28.545978+03	f	\N	\N	Karen	\N	Nairobi
-OM6KSwYPlueC2ZFOFSP	2025-03-24 11:47:28.548233+03	2025-03-24 11:47:28.548241+03	f	\N	\N	Nairobi	\N	Nairobi
-OM6KSw_33GpWxfihA3W	2025-03-24 11:47:28.550478+03	2025-03-24 11:47:28.550486+03	f	\N	\N	Nairobi	\N	Nairobi
-OM6KSwcF1dDFJpU7Bub	2025-03-24 11:47:28.552622+03	2025-03-24 11:47:28.552629+03	f	\N	\N	Kilimani	\N	Nairobi
-OM6KSweCwN4i3biHqJQ	2025-03-24 11:47:28.554859+03	2025-03-24 11:47:28.554866+03	f	\N	\N	Westlands	\N	Nairobi
-OM6KSwgRulAr_AAQNGb	2025-03-24 11:47:28.557135+03	2025-03-24 11:47:28.557142+03	f	\N	\N	Karen	\N	Nairobi
-OM6KSwiDxzp5ioPGNFo	2025-03-24 11:47:28.559408+03	2025-03-24 11:47:28.559415+03	f	\N	\N	Nairobi	\N	Nairobi
-OM6KSwlAbtnQo5J8pla	2025-03-24 11:47:28.561638+03	2025-03-24 11:47:28.561646+03	f	\N	\N	Nairobi	\N	Nairobi
-OM6KSwnVP-BLsjG-iKy	2025-03-24 11:47:28.56392+03	2025-03-24 11:47:28.563928+03	f	\N	\N	Kileleshwa	\N	Nairobi
-OM6KSwpXZ9u2uwS-YR6	2025-03-24 11:47:28.566231+03	2025-03-24 11:47:28.566239+03	f	\N	\N	Nairobi	\N	Nairobi
-OM6KSwrlAA-T9uYM4Vc	2025-03-24 11:47:28.568471+03	2025-03-24 11:47:28.568479+03	f	\N	\N	Nairobi	\N	Nairobi
-OM6KSwuDM8miXsX1r-n	2025-03-24 11:47:28.570753+03	2025-03-24 11:47:28.57076+03	f	\N	\N	Embakasi	\N	Nairobi
-OM6KSww_TlufrlsoCj-	2025-03-24 11:47:28.573+03	2025-03-24 11:47:28.573006+03	f	\N	\N	Nairobi	\N	Nairobi
-OM6KSwyUsub9UrKEIai	2025-03-24 11:47:28.575167+03	2025-03-24 11:47:28.575174+03	f	\N	\N	Kilimani	\N	Nairobi
-OM6KSx-APnBOlrsY-oh	2025-03-24 11:47:28.577368+03	2025-03-24 11:47:28.577375+03	f	\N	\N	Nairobi	\N	Nairobi
-OM6KSx2JaefUqxVBNmr	2025-03-24 11:47:28.579685+03	2025-03-24 11:47:28.579692+03	f	\N	\N	Kileleshwa	\N	Nairobi
-OM6KSx4u38ZAEd0GuBf	2025-03-24 11:47:28.581926+03	2025-03-24 11:47:28.581934+03	f	\N	\N	Nairobi	\N	Nairobi
-OM6KSx6E5qs7UebzaPK	2025-03-24 11:47:28.584135+03	2025-03-24 11:47:28.584142+03	f	\N	\N	Nairobi West	\N	Nairobi
-OM6KSx9Mdi8x9Ufp_Kl	2025-03-24 11:47:28.58736+03	2025-03-24 11:47:28.587373+03	f	\N	\N	Kilimani	\N	Nairobi
-OM6KSxBUu1nV6ox4-V4	2025-03-24 11:47:28.589179+03	2025-03-24 11:47:28.589188+03	f	\N	\N	Nairobi	\N	Nairobi
-OM6KSxD0Zk-Z16ptZyU	2025-03-24 11:47:28.590836+03	2025-03-24 11:47:28.590843+03	f	\N	\N	Nairobi	\N	Nairobi
-OM6KSxFsVUU7tko7txm	2025-03-24 11:47:28.593792+03	2025-03-24 11:47:28.593822+03	f	\N	\N	Karen	\N	Nairobi
-OM6KSxKLslKfgFSx3PF	2025-03-24 11:47:28.597832+03	2025-03-24 11:47:28.59784+03	f	\N	\N	Embakasi	\N	Nairobi
-OM6KSxMu2pCWyUcG-aw	2025-03-24 11:47:28.600012+03	2025-03-24 11:47:28.60002+03	f	\N	\N	Westlands	\N	Nairobi
-OM6KSxOX2uxRva0wn20	2025-03-24 11:47:28.602188+03	2025-03-24 11:47:28.602195+03	f	\N	\N	Westlands	\N	Nairobi
-OM6KSxQ1KgiSv2Jw9bd	2025-03-24 11:47:28.604368+03	2025-03-24 11:47:28.604376+03	f	\N	\N	Nairobi	\N	Nairobi
-OM6KSxSY7q2WsHYtt8h	2025-03-24 11:47:28.606417+03	2025-03-24 11:47:28.606423+03	f	\N	\N	Nairobi	\N	Nairobi
-OM6KSxUNwpwEENIfaeD	2025-03-24 11:47:28.608524+03	2025-03-24 11:47:28.608531+03	f	\N	\N	Nairobi	\N	Nairobi
-OM6KSxX4iVzCAptLOTC	2025-03-24 11:47:28.610801+03	2025-03-24 11:47:28.610808+03	f	\N	\N	Kilimani	\N	Nairobi
-OM6KSxZHwb1_mBo_x2r	2025-03-24 11:47:28.61347+03	2025-03-24 11:47:28.613478+03	f	\N	\N	Nairobi	\N	Nairobi
-OM6KSxbp8cU9UXP1Lu3	2025-03-24 11:47:28.61649+03	2025-03-24 11:47:28.616498+03	f	\N	\N	Kilimani	\N	Nairobi
-OM6KSxdmVaakUm9k-7V	2025-03-24 11:47:28.618385+03	2025-03-24 11:47:28.618392+03	f	\N	\N	Kilimani	\N	Nairobi
-OM6KSxfiEUCT-egEYQD	2025-03-24 11:47:28.620294+03	2025-03-24 11:47:28.620302+03	f	\N	\N	Kilimani	\N	Nairobi
-OM6KSxhTD7Ar4hCbRiz	2025-03-24 11:47:28.622007+03	2025-03-24 11:47:28.622014+03	f	\N	\N	Gigiri	\N	Nairobi
-OM6KSxjoDuOpu4Pr6Zj	2025-03-24 11:47:28.623778+03	2025-03-24 11:47:28.623785+03	f	\N	\N	Karen	\N	Nairobi
-OM6KSxlEl0m7gbPIg1t	2025-03-24 11:47:28.625656+03	2025-03-24 11:47:28.625663+03	f	\N	\N	Nairobi	\N	Nairobi
-OM6KSxmVLfP18gWSsW8	2025-03-24 11:47:28.627533+03	2025-03-24 11:47:28.62754+03	f	\N	\N	Westlands	\N	Nairobi
-OM6KSxoCHrPRgSr1VMM	2025-03-24 11:47:28.629399+03	2025-03-24 11:47:28.629407+03	f	\N	\N	Karen	\N	Nairobi
-OM6KSxqcxKPPLbtxouB	2025-03-24 11:47:28.631363+03	2025-03-24 11:47:28.631371+03	f	\N	\N	Gigiri	\N	Nairobi
-OM6KSxssj_-cOWeP69Z	2025-03-24 11:47:28.633352+03	2025-03-24 11:47:28.633359+03	f	\N	\N	Kilimani	\N	Nairobi
-OM6KSxu_3z75OmJp3qV	2025-03-24 11:47:28.635317+03	2025-03-24 11:47:28.635325+03	f	\N	\N	Kilimani	\N	Nairobi
-OM6KSxw0BT6wAmAin1E	2025-03-24 11:47:28.637351+03	2025-03-24 11:47:28.637359+03	f	\N	\N	Gigiri	\N	Nairobi
-OM6KSxyH75g3I-sdziq	2025-03-24 11:47:28.639372+03	2025-03-24 11:47:28.639379+03	f	\N	\N	Kilimani	\N	Nairobi
-OM6KSy-NW1Jrq0DLbPo	2025-03-24 11:47:28.641515+03	2025-03-24 11:47:28.641522+03	f	\N	\N	Kilimani	\N	Nairobi
-OM6KSy25ShBdID9CBve	2025-03-24 11:47:28.643634+03	2025-03-24 11:47:28.643641+03	f	\N	\N	Karen	\N	Nairobi
-OM6KSy4CAsEcThgH64s	2025-03-24 11:47:28.646419+03	2025-03-24 11:47:28.646431+03	f	\N	\N	Karen	\N	Nairobi
-OM6KSy753Z2yTJ5Gndp	2025-03-24 11:47:28.649733+03	2025-03-24 11:47:28.649755+03	f	\N	\N	Nairobi	\N	Nairobi
-OM6KSyBZWsZ83hymLmi	2025-03-24 11:47:28.65314+03	2025-03-24 11:47:28.653148+03	f	\N	\N	Nairobi Upper Hill	\N	Nairobi
-OM6KSyDT-zF9qc7RxrY	2025-03-24 11:47:28.655145+03	2025-03-24 11:47:28.655153+03	f	\N	\N	Nairobi	\N	Nairobi
-OM6KSyFbxufe4-pe9jd	2025-03-24 11:47:28.657025+03	2025-03-24 11:47:28.657032+03	f	\N	\N	Nairobi	\N	Nairobi
-OM6KSyHi9zM9dcQnfS8	2025-03-24 11:47:28.658853+03	2025-03-24 11:47:28.65886+03	f	\N	\N	Nairobi	\N	Nairobi
-OM6KSyJDXOmd5GAEzO9	2025-03-24 11:47:28.660799+03	2025-03-24 11:47:28.660806+03	f	\N	\N	Kilimani	\N	Nairobi
-OM6KSyLm8WAj55oIpx7	2025-03-24 11:47:28.662781+03	2025-03-24 11:47:28.662788+03	f	\N	\N	Nairobi	\N	Nairobi
-OM6KSyN6JuneRjGnz9b	2025-03-24 11:47:28.665169+03	2025-03-24 11:47:28.665178+03	f	\N	\N	Kileleshwa	\N	Nairobi
-OM6KSyP1cg5X9ILY_pi	2025-03-24 11:47:28.667434+03	2025-03-24 11:47:28.667442+03	f	\N	\N	Nairobi	\N	Nairobi
-OM6KSySeZOKw5pvJxaD	2025-03-24 11:47:28.669973+03	2025-03-24 11:47:28.669981+03	f	\N	\N	Kilimani	\N	Nairobi
-OM6KSyVO7npzysFSPEO	2025-03-24 11:47:28.672872+03	2025-03-24 11:47:28.67288+03	f	\N	\N	Nairobi	\N	Nairobi
-OM6KSyYhm4BXwDKw-qN	2025-03-24 11:47:28.677277+03	2025-03-24 11:47:28.677285+03	f	\N	\N	Kilimani	\N	Nairobi
\.


--
-- Data for Name: hotels_hotel; Type: TABLE DATA; Schema: public; Owner: -
--

COPY public.hotels_hotel (id, created_at, updated_at, deleted, name, thumbnail_url, locality, total_reviews, star_rating, address_id, price, score, latitude, longitude) FROM stdin;
-OM6KSufCcJqU2PuBiXU	2025-03-24 11:47:28.428556+03	2025-03-24 11:47:28.428562+03	f	Gem Forest Hotel Nairobi - MGallery Collection	https://a.travel-assets.com/media/meso_cm/PAPI/Images/lodging/103000000/102580000/102575300/102575224/40779b31_b.jpg?impolicy=resizecrop&rw=455&ra=fit	Gigiri	9	4.4	-OM6KSufDxxPEZC0PvVq	24700	\N	-1.235147	36.805467
-OM6KSuqC0n9X8UIUHz3	2025-03-24 11:47:28.439226+03	2025-03-24 11:47:28.439232+03	f	Clarence House Nairobi	https://images.trvl-media.com/lodging/18000000/17680000/17679700/17679634/fe58600f.jpg?impolicy=resizecrop&rw=455&ra=fit	Nairobi	6	4.4	-OM6KSuppsV34fBf6RlQ	22230	\N	-1.25746	36.79366
-OM6KSuu6JRlKZdm2YGy	2025-03-24 11:47:28.442794+03	2025-03-24 11:47:28.4428+03	f	41 Haven	https://images.trvl-media.com/lodging/90000000/89360000/89357800/89357774/ec16cb03.jpg?impolicy=resizecrop&rw=455&ra=fit	Karen	8	4	-OM6KSutF57Fs4ghC8Vj	21840	\N	-1.327399	36.734136
-OM6KSv2D0srMEaBaMk2	2025-03-24 11:47:28.451611+03	2025-03-24 11:47:28.451617+03	f	Tribe Hotel	https://images.trvl-media.com/lodging/3000000/2060000/2051800/2051788/2bcd38c3.jpg?impolicy=resizecrop&rw=455&ra=fit	Gigiri	220	4.4	-OM6KSv1A_eyiYlJErYl	28470	\N	-1.22884	36.804543
-OM6KSv3vBPl9sQcsRDv	2025-03-24 11:47:28.453437+03	2025-03-24 11:47:28.453444+03	f	Sarova Panafric Hotel	https://images.trvl-media.com/lodging/1000000/20000/17100/17030/adfcf755.jpg?impolicy=resizecrop&rw=455&ra=fit	Kilimani	408	4.2	-OM6KSv2HNka6mIYHBFR	15340	\N	-1.289937	36.810581
-OM6KSv9It-PRddFPwrI	2025-03-24 11:47:28.45875+03	2025-03-24 11:47:28.458756+03	f	Four Points By Sheraton Nairobi Hurlingham	https://a.travel-assets.com/media/meso_cm/PAPI/Images/hotels/6000000/5680000/5674400/5674388/6dd0ffeb_b.jpg?impolicy=resizecrop&rw=455&ra=fit	Kilimani	261	4.4	-OM6KSv8UrbYBaTfaz0j	18330	\N	-1.293943	36.79509
-OM6KSvGPBkx7P56n7m0	2025-03-24 11:47:28.465997+03	2025-03-24 11:47:28.466004+03	f	Fair Acres Boutique Hotel	https://images.trvl-media.com/lodging/18000000/17480000/17475300/17475254/45b93742.jpg?impolicy=resizecrop&rw=455&ra=fit	Karen	10	4	-OM6KSvF8KebABd7S-Qh	16380	\N	-1.34288	36.737316
-OM6KSujl-OQAnAzY6Y5	2025-03-24 11:47:28.432131+03	2025-03-24 11:47:28.432137+03	f	The Residences at Karen Country Club	https://images.trvl-media.com/lodging/89000000/88920000/88919900/88919895/c1fb3c90.jpg?impolicy=resizecrop&rw=455&ra=fit	Karen	2	5	-OM6KSuiexzSOvxxVrPI	28600	4.104654169360052	-1.345637	36.714523
-OM6KSul5K-HX9rFRkBV	2025-03-24 11:47:28.433891+03	2025-03-24 11:47:28.433898+03	f	The Sarova Stanley	https://images.trvl-media.com/lodging/2000000/1400000/1395300/1395252/b1e5c81a.jpg?impolicy=resizecrop&rw=455&ra=fit	Nairobi	689	4.5	-OM6KSukqFjGGtaihsOg	17160	4.494852562510223	-1.283851	36.822837
-OM6KSunwHueBu7iKCDW	2025-03-24 11:47:28.435617+03	2025-03-24 11:47:28.435623+03	f	Glee Nairobi, a Preferred LVX Hotel	https://images.trvl-media.com/lodging/100000000/99890000/99889200/99889194/379a3026.jpg?impolicy=resizecrop&rw=455&ra=fit	Nairobi	62	4.8	-OM6KSumuiGnRsC5Ytnx	18720	4.726018828584065	-1.215546	36.840058
-OM6KSuoZnzaM5ka79fy	2025-03-24 11:47:28.437455+03	2025-03-24 11:47:28.437461+03	f	Kwetu Nairobi, Curio Collection By Hilton	https://images.trvl-media.com/lodging/90000000/89930000/89920300/89920236/df52db6b.jpg?impolicy=resizecrop&rw=455&ra=fit	Nairobi	20	4.7	-OM6KSunA1x53jwc9rOl	17550	4.517561310238381	-1.242238	36.791731
-OM6KSus0SROpkca4CVd	2025-03-24 11:47:28.441038+03	2025-03-24 11:47:28.441044+03	f	Argyle Grand Hotel Nairobi Airport	https://images.trvl-media.com/lodging/101000000/100700000/100692800/100692708/7cfed71c.jpg?impolicy=resizecrop&rw=455&ra=fit	Nairobi West	305	4.5	-OM6KSur5bCkd2Yv9mNE	14950	4.488466081101261	-1.353041	36.905458
-OM6KSuvI70hogZZqoQu	2025-03-24 11:47:28.444523+03	2025-03-24 11:47:28.444529+03	f	Trademark Hotel	https://images.trvl-media.com/lodging/24000000/23480000/23478400/23478390/9a870d70.jpg?impolicy=resizecrop&rw=455&ra=fit	Gigiri	258	4.5	-OM6KSuvYeyEPVTKzaqe	19890	4.486400960384153	-1.230547	36.803863
-OM6KSuxEglbCRPp8ZAC	2025-03-24 11:47:28.446256+03	2025-03-24 11:47:28.446263+03	f	Palacina The Residence & The Suites	https://images.trvl-media.com/lodging/11000000/10020000/10010700/10010671/180f7b14.jpg?impolicy=resizecrop&rw=455&ra=fit	Kilimani	162	4.7	-OM6KSuwD545KY2EteR7	23010	4.673154667272315	-1.283027	36.791786
-OM6KSuzIznujmXCtt81	2025-03-24 11:47:28.447987+03	2025-03-24 11:47:28.447994+03	f	Trademark Suites at Enaki Town	https://images.trvl-media.com/lodging/104000000/103870000/103860700/103860629/48423df0.jpg?impolicy=resizecrop&rw=455&ra=fit	Nairobi	2	5	-OM6KSuyDIRowgrZuRuj	15730	4.104654169360052	-1.22262	36.786124
-OM6KSv5gW7KQKNhq0HN	2025-03-24 11:47:28.4552+03	2025-03-24 11:47:28.455206+03	f	JW Marriott Hotel Nairobi	https://images.trvl-media.com/lodging/103000000/102190000/102188200/102188110/ea934704.jpg?impolicy=resizecrop&rw=455&ra=fit	Westlands	45	4.8	-OM6KSv454zF0ixbApmm	34190	4.700611153552329	-1.269767	36.809588
-OM6KSv7n1bitO-91a5k	2025-03-24 11:47:28.456967+03	2025-03-24 11:47:28.456973+03	f	Novotel Nairobi Westlands	https://a.travel-assets.com/media/meso_cm/PAPI/Images/lodging/107000000/106210000/106208400/106208318/0709cd51_b.jpg?impolicy=resizecrop&rw=455&ra=fit	Nairobi	35	4.8	-OM6KSv6h1JYbuYAicNv	15600	4.675449420274439	-1.256593	36.800625
-OM6KSvADMxfyXaKSgrG	2025-03-24 11:47:28.460479+03	2025-03-24 11:47:28.460486+03	f	Radisson Blu Hotel & Residence, Nairobi Arboretum	https://images.trvl-media.com/lodging/40000000/39490000/39484300/39484258/8c3ebef3.jpg?impolicy=resizecrop&rw=455&ra=fit	Kilimani	201	4.7	-OM6KSvAEVuPea7oRKrB	20410	4.678249401950562	-1.278701	36.804222
-OM6KSvCk1o3b5Fiizyl	2025-03-24 11:47:28.462212+03	2025-03-24 11:47:28.462219+03	f	Fairview Hotel	https://images.trvl-media.com/lodging/9000000/8410000/8403400/8403394/45135ce8.jpg?impolicy=resizecrop&rw=455&ra=fit	Kilimani	462	4.7	-OM6KSvBWJgsaL6opFRd	17940	4.6904185468399575	-1.291572	36.809404
-OM6KSvEc_v8JNTVNTYT	2025-03-24 11:47:28.464034+03	2025-03-24 11:47:28.464041+03	f	Radisson Blu Hotel Nairobi Upper Hill	https://images.trvl-media.com/lodging/13000000/12010000/12009800/12009760/c8f71f7d.jpg?impolicy=resizecrop&rw=455&ra=fit	Nairobi Upper Hill	185	4.5	-OM6KSvDP4U5uiA_o1bm	20150	4.481162280215516	-1.301938	36.81645
-OM6KSvIHmtGpAnEtwSI	2025-03-24 11:47:28.46789+03	2025-03-24 11:47:28.467896+03	f	Dusit Princess Hotel Residences Nairobi	https://images.trvl-media.com/lodging/78000000/77130000/77126200/77126138/260520ed.jpg?impolicy=resizecrop&rw=455&ra=fit	Nairobi	19	4.6	-OM6KSvHCobUcZhRxm5f	16770	4.428946897908099	-1.263757	36.789053
-OM6KSvKn_icHebC7OwK	2025-03-24 11:47:28.46983+03	2025-03-24 11:47:28.469836+03	f	Best Western Plus Westlands	https://images.trvl-media.com/lodging/45000000/44380000/44377600/44377567/6beee37d.jpg?impolicy=resizecrop&rw=455&ra=fit	Nairobi	191	4.6	-OM6KSvJDVIkHpLlE_fH	17680	4.5794386296718175	-1.261158	36.801975
-OM6KSvM9A0bgfYMotzC	2025-03-24 11:47:28.471824+03	2025-03-24 11:47:28.471831+03	f	Margarita House	https://images.trvl-media.com/lodging/12000000/11260000/11255600/11255518/a6f571a9.jpg?impolicy=resizecrop&rw=455&ra=fit	Karen	22	4.8	-OM6KSvLUZPdXi1_9RLO	13260	4.614349135880767	-1.32643	36.72299
-OM6KSuhAq9b77d1kYzx	2025-03-24 11:47:28.430355+03	2025-03-24 11:47:28.430362+03	f	Nairobi Serena Hotel	https://a.travel-assets.com/media/meso_cm/PAPI/Images/lodging/1000000/10000/9900/9864/3692e83f_b.jpg?impolicy=resizecrop&rw=455&ra=fit	Kilimani	278	4.7	-OM6KSugdirXsyhZ5pTA	25480	4.684177883542798	-1.287415	36.814143
-OM6KSvcSyg498PbXnOK	2025-03-24 11:47:28.489136+03	2025-03-24 11:47:28.489143+03	f	Ole Sereni	https://images.trvl-media.com/lodging/4000000/3170000/3167500/3167406/3c9736ed.jpg?impolicy=resizecrop&rw=455&ra=fit	Nairobi West	661	4.2	-OM6KSvbR9R-3Y2v0GdV	16510	\N	-1.325531	36.847875
-OM6KSvedIcbSsHcA0or	2025-03-24 11:47:28.491154+03	2025-03-24 11:47:28.491161+03	f	Saggys Suites Hotel & Spa	https://images.trvl-media.com/lodging/93000000/92740000/92737600/92737581/17f134c7.jpg?impolicy=resizecrop&rw=455&ra=fit	Kilimani	8	4	-OM6KSvduoEXkSS_Yx-b	17290	\N	-1.289283	36.804839
-OM6KSvg553awvcLt2xA	2025-03-24 11:47:28.493163+03	2025-03-24 11:47:28.493171+03	f	PrideInn Azure Hotel Nairobi Westlands	https://images.trvl-media.com/lodging/10000000/9070000/9062000/9061993/16f38431.jpg?impolicy=resizecrop&rw=455&ra=fit	Nairobi	356	4.1	-OM6KSvfH2xuQE2ZSKp7	14170	\N	-1.267128	36.798566
-OM6KSviJ9HYzW3UF-lx	2025-03-24 11:47:28.495651+03	2025-03-24 11:47:28.495659+03	f	Golden Tulip Westlands Nairobi	https://images.trvl-media.com/lodging/14000000/13310000/13300500/13300434/1c89ae62.jpg?impolicy=resizecrop&rw=455&ra=fit	Westlands	311	4.2	-OM6KSvh-XcYltIY_tSZ	17810	\N	-1.265222	36.80655
-OM6KSvkdO7NMcXCJXan	2025-03-24 11:47:28.497629+03	2025-03-24 11:47:28.497637+03	f	Gem Forest Hotel Nairobi - MGallery Collection	https://images.trvl-media.com/lodging/103000000/102580000/102575300/102575224/40779b31.jpg?impolicy=resizecrop&rw=455&ra=fit	Gigiri	9	4.4	-OM6KSvkbgObkIl8dVOQ	24700	\N	-1.235147	36.805467
-OM6KSvsuWw1K-4kkQRV	2025-03-24 11:47:28.505496+03	2025-03-24 11:47:28.505503+03	f	Skynest Residences by CityBlue, Nairobi	https://images.trvl-media.com/lodging/72000000/71650000/71640600/71640569/2bff972d.jpg?impolicy=resizecrop&rw=455&ra=fit	Nairobi	30	4.3	-OM6KSvrGsj4ooFuiWmL	18980	\N	-1.262092	36.80397
-OM6KSvuR67ktGSky82j	2025-03-24 11:47:28.507485+03	2025-03-24 11:47:28.507492+03	f	Weston Hotel	https://images.trvl-media.com/lodging/13000000/12250000/12249300/12249297/a36c95d8.jpg?impolicy=resizecrop&rw=455&ra=fit	Lang'ata	109	4.3	-OM6KSvtIwZ-3FjkxwbI	14820	\N	-1.316032	36.813904
-OM6KSvyCE0hgk3q_jPf	2025-03-24 11:47:28.511687+03	2025-03-24 11:47:28.511695+03	f	Emara Ole-sereni	https://images.trvl-media.com/lodging/67000000/66540000/66534800/66534795/dcd4d033.jpg?impolicy=resizecrop&rw=455&ra=fit	Nairobi West	89	4.1	-OM6KSvxv5JKAUiyMyTj	25220	\N	-1.326838	36.846698
-OM6KSw0o0t7cvuXAKWZ	2025-03-24 11:47:28.51377+03	2025-03-24 11:47:28.513778+03	f	Pax Manor Muthaiga	https://images.trvl-media.com/lodging/113000000/112780000/112773000/112772957/f8efcb9b.jpg?impolicy=resizecrop&rw=455&ra=fit	Nairobi	0	0	-OM6KSw-oqeMnPB9BZh4	34710	\N	-1.251793	36.825636
-OM6KSw4KIm3B3wQpLg1	2025-03-24 11:47:28.517685+03	2025-03-24 11:47:28.517693+03	f	La Mada Hotel	https://images.trvl-media.com/lodging/2000000/1860000/1853400/1853381/126ce531.jpg?impolicy=resizecrop&rw=455&ra=fit	Nairobi	11	4.4	-OM6KSw3-rL84OxwfHcw	13390	\N	-1.244593	36.859258
-OM6KSw7hgTquUDq6vcu	2025-03-24 11:47:28.521604+03	2025-03-24 11:47:28.521611+03	f	Clarence House Nairobi	https://images.trvl-media.com/lodging/18000000/17680000/17679700/17679634/fe58600f.jpg?impolicy=resizecrop&rw=455&ra=fit	Nairobi	6	4.4	-OM6KSw7WkwFrgSFkB0X	22230	\N	-1.25746	36.79366
-OM6KSw96eoBIcNdNyxX	2025-03-24 11:47:28.523578+03	2025-03-24 11:47:28.523585+03	f	Windsor Golf Hotel & Country Club	https://images.trvl-media.com/lodging/1000000/10000/4300/4226/50d3aeb3.jpg?impolicy=resizecrop&rw=455&ra=fit	Nairobi	84	4.3	-OM6KSw9QbIovcpCVRuo	24960	\N	-1.210289	36.850615
-OM6KSvTLtmEEoDzwlo0	2025-03-24 11:47:28.479262+03	2025-03-24 11:47:28.479269+03	f	Pullman Nairobi Upper Hill	https://a.travel-assets.com/media/meso_cm/PAPI/Images/lodging/103000000/102210000/102209800/102209763/80de5bc6_b.jpg?impolicy=resizecrop&rw=455&ra=fit	Nairobi Upper Hill	9	4.6	-OM6KSvSPUesMDjfnP4j	16120	4.302240896358543	-1.300481	36.815181
-OM6KSvVCIm_wFymEmBG	2025-03-24 11:47:28.481223+03	2025-03-24 11:47:28.48123+03	f	Gigiri Lion Villas 2	https://images.trvl-media.com/lodging/103000000/102050000/102047000/102046939/e26824ee.jpg?impolicy=resizecrop&rw=455&ra=fit	Gigiri	20	4.6	-OM6KSvUm1iXe9z8GjCp	21580	4.435928657177156	-1.233539	36.811592
-OM6KSvX8_drRjbGOyC_	2025-03-24 11:47:28.483167+03	2025-03-24 11:47:28.483175+03	f	Novotel Nairobi Westlands	https://images.trvl-media.com/lodging/107000000/106210000/106208400/106208318/0709cd51.jpg?impolicy=resizecrop&rw=455&ra=fit	Nairobi	35	4.8	-OM6KSvWA5iQDxok_Szd	15600	4.675449420274439	-1.256593	36.800625
-OM6KSvZl27m8UcUTZ_Y	2025-03-24 11:47:28.485157+03	2025-03-24 11:47:28.485165+03	f	Villa Rosa Kempinski	https://images.trvl-media.com/lodging/6000000/5820000/5814200/5814160/4f64cb0a.jpg?impolicy=resizecrop&rw=455&ra=fit	Nairobi	518	4.7	-OM6KSvYqoHWobS0DqEj	27560	4.691445458566202	-1.271853	36.808628
-OM6KSvaMFtN7mX9sMk0	2025-03-24 11:47:28.487132+03	2025-03-24 11:47:28.487139+03	f	Crowne Plaza Nairobi Airport by IHG	https://images.trvl-media.com/lodging/18000000/17600000/17595200/17595186/4d79c55e.jpg?impolicy=resizecrop&rw=455&ra=fit	Embakasi	927	4.7	-OM6KSv_G6PCV35MF-X3	17550	4.695201558884423	-1.340713	36.913077
-OM6KSvm5fnm_cc2L3WL	2025-03-24 11:47:28.499594+03	2025-03-24 11:47:28.499602+03	f	AIN Guest House	https://images.trvl-media.com/lodging/38000000/38000000/37995300/37995254/f4481c81.jpg?impolicy=resizecrop&rw=455&ra=fit	Kilimani	3	4.7	-OM6KSvmGxT90hr6mpKs	16900	4.104033613445378	-1.296171	36.798818
-OM6KSvorwgcUYeZA4rW	2025-03-24 11:47:28.501557+03	2025-03-24 11:47:28.501565+03	f	Pullman Nairobi Upper Hill	https://images.trvl-media.com/lodging/103000000/102210000/102209800/102209763/455a6fed.jpg?impolicy=resizecrop&rw=455&ra=fit	Nairobi Upper Hill	9	4.6	-OM6KSvnJBeS4uZ_JSBO	16120	4.302240896358543	-1.300481	36.815181
-OM6KSvqrUTJdljCqqSr	2025-03-24 11:47:28.503501+03	2025-03-24 11:47:28.503509+03	f	Hemingways Nairobi	https://images.trvl-media.com/lodging/6000000/5290000/5281800/5281715/de661e98.jpg?impolicy=resizecrop&rw=455&ra=fit	Karen	91	4.8	-OM6KSvpq_phIA-RLq8S	37050	4.748484315192045	-1.341516	36.705759
-OM6KSvwh0fij70O2ezW	2025-03-24 11:47:28.509476+03	2025-03-24 11:47:28.509483+03	f	Gigiri Lion Villas 1	https://images.trvl-media.com/lodging/102000000/101070000/101065200/101065171/198e32d7.jpg?impolicy=resizecrop&rw=455&ra=fit	Gigiri	6	4.9	-OM6KSvveRmUZyidcHl0	21840	4.388595438175271	-1.232375	36.80717
-OM6KSw26JL0HvJM_9Mu	2025-03-24 11:47:28.515719+03	2025-03-24 11:47:28.515727+03	f	LIGHT VILLAS	https://images.trvl-media.com/lodging/105000000/104660000/104659800/104659703/d6a6718d.jpg?impolicy=resizecrop&rw=455&ra=fit	Gigiri	2	5	-OM6KSw1QaeRT8yJE3u1	19760	4.104654169360052	-1.232187	36.810657
-OM6KSw5pZad-Gpdpa65	2025-03-24 11:47:28.519624+03	2025-03-24 11:47:28.519632+03	f	DoubleTree by Hilton Nairobi Hurlingham	https://images.trvl-media.com/lodging/13000000/12950000/12944200/12944190/8057c91e.jpg?impolicy=resizecrop&rw=455&ra=fit	Nairobi	205	4.5	-OM6KSw5MVm5K1rP0XuE	13260	4.482960630552937	-1.300946	36.784897
-OM6KSwBMJTqUZWIIWCb	2025-03-24 11:47:28.525537+03	2025-03-24 11:47:28.525544+03	f	Somerset Westview Nairobi	https://images.trvl-media.com/lodging/74000000/73500000/73490900/73490807/550c7583.jpg?impolicy=resizecrop&rw=455&ra=fit	Kilimani	58	4.8	-OM6KSwA4Y0Gzk8DZSqV	18200	4.721284033613445	-1.286854	36.790231
-OM6KSvRryYMwxmmXvyX	2025-03-24 11:47:28.477324+03	2025-03-24 11:47:28.477331+03	f	Fairview Hotel	https://images.trvl-media.com/lodging/9000000/8410000/8403400/8403394/45135ce8.jpg?impolicy=resizecrop&rw=455&ra=fit	Kilimani	462	4.7	-OM6KSvQDCAWgZUPqrch	17940	4.6904185468399575	-1.291572	36.809404
-OM6KSwOXpxj-Dy6cmyU	2025-03-24 11:47:28.5384+03	2025-03-24 11:47:28.538407+03	f	PrideInn Azure Hotel Nairobi Westlands	https://images.trvl-media.com/lodging/10000000/9070000/9062000/9061993/16f38431.jpg?impolicy=resizecrop&rw=455&ra=fit	Nairobi	356	4.1	-OM6KSwN1Y9wEJBnsAjf	14170	\N	-1.267128	36.798566
-OM6KSwaeZ7cIiTQpn2Q	2025-03-24 11:47:28.551533+03	2025-03-24 11:47:28.55154+03	f	Safari Park Hotel And Casino	https://images.trvl-media.com/lodging/1000000/30000/26900/26826/1240f340.jpg?impolicy=resizecrop&rw=455&ra=fit	Nairobi	63	4.1	-OM6KSw_33GpWxfihA3W	20020	\N	-1.226925	36.882767
-OM6KSwdPUWpqwxEi3JE	2025-03-24 11:47:28.553735+03	2025-03-24 11:47:28.553743+03	f	Four Points By Sheraton Nairobi Hurlingham	https://images.trvl-media.com/lodging/6000000/5680000/5674400/5674388/a7cbf3d8.jpg?impolicy=resizecrop&rw=455&ra=fit	Kilimani	261	4.4	-OM6KSwcF1dDFJpU7Bub	18330	\N	-1.293943	36.79509
-OM6KSwjp3rtZaETrVLz	2025-03-24 11:47:28.560508+03	2025-03-24 11:47:28.560515+03	f	Windsor Golf Hotel & Country Club	https://images.trvl-media.com/lodging/1000000/10000/4300/4226/50d3aeb3.jpg?impolicy=resizecrop&rw=455&ra=fit	Nairobi	84	4.3	-OM6KSwiDxzp5ioPGNFo	24960	\N	-1.210289	36.850615
-OM6KSwmGBaZgtaBt_0z	2025-03-24 11:47:28.562728+03	2025-03-24 11:47:28.562736+03	f	La Mada Hotel	https://images.trvl-media.com/lodging/2000000/1860000/1853400/1853381/126ce531.jpg?impolicy=resizecrop&rw=455&ra=fit	Nairobi	11	4.4	-OM6KSwlAbtnQo5J8pla	13390	\N	-1.244593	36.859258
-OM6KSwxoJAuHYyxogfP	2025-03-24 11:47:28.574185+03	2025-03-24 11:47:28.574193+03	f	Hyatt Place Nairobi Westlands	https://images.trvl-media.com/lodging/102000000/101750000/101744300/101744237/0e2b634f.jpg?impolicy=resizecrop&rw=455&ra=fit	Nairobi	0	0	-OM6KSww_TlufrlsoCj-	17940	\N	-1.260161	36.800656
-OM6KSx0LErElajUgrfE	2025-03-24 11:47:28.57856+03	2025-03-24 11:47:28.578568+03	f	Mövenpick Hotel & Residences Nairobi	https://images.trvl-media.com/lodging/23000000/22480000/22473200/22473160/cc6f24ea.jpg?impolicy=resizecrop&rw=455&ra=fit	Nairobi	193	4.4	-OM6KSx-APnBOlrsY-oh	16770	\N	-1.26124	36.80458
-OM6KSx5QMrKF6KGvsH8	2025-03-24 11:47:28.583053+03	2025-03-24 11:47:28.583061+03	f	Jacaranda Nairobi Hotel	https://images.trvl-media.com/lodging/2000000/1190000/1189700/1189651/60605a12.jpg?impolicy=resizecrop&rw=455&ra=fit	Nairobi	156	4	-OM6KSx4u38ZAEd0GuBf	13780	\N	-1.262302	36.801507
-OM6KSwIQDeb3RLPmKwu	2025-03-24 11:47:28.531907+03	2025-03-24 11:47:28.531915+03	f	Broadwalk Residency	https://images.trvl-media.com/lodging/92000000/91540000/91539700/91539693/19c93e0b.jpg?impolicy=resizecrop&rw=455&ra=fit	Westlands	8	4.7	-OM6KSwHrhx6O_iVZgP9	18590	4.3424201680672265	-1.268554	36.812206
-OM6KSwKMBV74r5G_1Rt	2025-03-24 11:47:28.534064+03	2025-03-24 11:47:28.534071+03	f	The Lofts At Wood Avenue - Kilimani	https://images.trvl-media.com/lodging/39000000/38410000/38408900/38408835/8c544cb6.jpg?impolicy=resizecrop&rw=455&ra=fit	Kilimani	10	4.7	-OM6KSwJjeMC1ZMyaK8i	38090	4.3917415241958855	-1.29517	36.78631
-OM6KSwMtjP8XazLew0g	2025-03-24 11:47:28.536215+03	2025-03-24 11:47:28.536223+03	f	The Courtyard at Vanga	https://images.trvl-media.com/lodging/39000000/38410000/38406500/38406438/cceecda6.jpg?impolicy=resizecrop&rw=455&ra=fit	Nairobi	7	4.9	-OM6KSwLLTpwcq7dckvl	17810	4.433065400073073	-1.29123	36.76456
-OM6KSwQcnovNTebRORa	2025-03-24 11:47:28.54057+03	2025-03-24 11:47:28.540578+03	f	JW Marriott Hotel Nairobi	https://a.travel-assets.com/media/meso_cm/PAPI/Images/lodging/103000000/102190000/102188200/102188110/5a3d13da_b.jpg?impolicy=resizecrop&rw=455&ra=fit	Westlands	45	4.8	-OM6KSwPJYzseK9nFUF3	34190	4.700611153552329	-1.269767	36.809588
-OM6KSwTdshBUuKGp35H	2025-03-24 11:47:28.542783+03	2025-03-24 11:47:28.54279+03	f	Hyatt Regency Nairobi Westlands	https://images.trvl-media.com/lodging/100000000/99230000/99221600/99221531/af2b8e9b.jpg?impolicy=resizecrop&rw=455&ra=fit	Westlands	26	4.7	-OM6KSwSUQu98ktAcb7z	18460	4.553450888552142	-1.268043	36.808996
-OM6KSwV13Hx0ae4EdCE	2025-03-24 11:47:28.544881+03	2025-03-24 11:47:28.544888+03	f	Magna Hotel and Suites	https://images.trvl-media.com/lodging/21000000/20160000/20155900/20155822/ca78de6a.jpg?impolicy=resizecrop&rw=455&ra=fit	Gigiri	1	5	-OM6KSwU8A2FHfU-p_Ne	23790	3.941864018334607	-1.23134	36.8047
-OM6KSwXQdPATUa7lWQY	2025-03-24 11:47:28.547128+03	2025-03-24 11:47:28.547136+03	f	Hermosa Garden Hotel	https://images.trvl-media.com/lodging/90000000/89630000/89622600/89622508/5b4b347f.jpg?impolicy=resizecrop&rw=455&ra=fit	Karen	4	5	-OM6KSwWQapPv0HKOkAf	27040	4.315323776569452	-1.345796	36.706215
-OM6KSwZ1DymUTzPGulK	2025-03-24 11:47:28.549358+03	2025-03-24 11:47:28.549365+03	f	Nyati Hill Cottages	https://images.trvl-media.com/lodging/34000000/33290000/33286600/33286587/42ffc065.jpg?impolicy=resizecrop&rw=455&ra=fit	Nairobi	2	5	-OM6KSwYPlueC2ZFOFSP	13130	4.104654169360052	-1.389263	36.798419
-OM6KSwf3yrcyGN01139	2025-03-24 11:47:28.555995+03	2025-03-24 11:47:28.556002+03	f	Pan Pacific Serviced Suites Nairobi	https://images.trvl-media.com/lodging/91000000/90940000/90933900/90933846/03e55e12.jpg?impolicy=resizecrop&rw=455&ra=fit	Westlands	8	4.8	-OM6KSweCwN4i3biHqJQ	21840	4.406420168067227	-1.269938	36.809191
-OM6KSwhINEjMtW9JoUm	2025-03-24 11:47:28.558306+03	2025-03-24 11:47:28.558314+03	f	The Drexel House Kenya	https://images.trvl-media.com/lodging/91000000/90050000/90047400/90047339/939d72e2.jpg?impolicy=resizecrop&rw=455&ra=fit	Karen	1	5	-OM6KSwgRulAr_AAQNGb	22230	3.941864018334607	-1.303697	36.680699
-OM6KSwo98QlcwTRPzOR	2025-03-24 11:47:28.5651+03	2025-03-24 11:47:28.565108+03	f	37 On Kikambala - Kileleshwa	https://images.trvl-media.com/lodging/39000000/38410000/38409000/38408950/be00c330.jpg?impolicy=resizecrop&rw=455&ra=fit	Kileleshwa	7	4.5	-OM6KSwnVP-BLsjG-iKy	26650	4.189587139203508	-1.286618	36.781739
-OM6KSwqjFLE2I684a2a	2025-03-24 11:47:28.567359+03	2025-03-24 11:47:28.567367+03	f	Bidwood Suite Hotel	https://images.trvl-media.com/lodging/11000000/10020000/10011500/10011461/d4a0abb0.jpg?impolicy=resizecrop&rw=455&ra=fit	Nairobi	92	4.6	-OM6KSwpXZ9u2uwS-YR6	15470	4.558344581355858	-1.258627	36.801173
-OM6KSwstwj4BSOQXwNv	2025-03-24 11:47:28.569632+03	2025-03-24 11:47:28.569639+03	f	Kwetu Nairobi, Curio Collection By Hilton	https://images.trvl-media.com/lodging/90000000/89930000/89920300/89920236/df52db6b.jpg?impolicy=resizecrop&rw=455&ra=fit	Nairobi	20	4.7	-OM6KSwrlAA-T9uYM4Vc	17550	4.517561310238381	-1.242238	36.791731
-OM6KSwvWGhjaNBVInmo	2025-03-24 11:47:28.571898+03	2025-03-24 11:47:28.571905+03	f	Hilton Garden Inn Nairobi Airport	https://images.trvl-media.com/lodging/20000000/19670000/19663300/19663206/df4a48e4.jpg?impolicy=resizecrop&rw=455&ra=fit	Embakasi	846	4.6	-OM6KSwuDM8miXsX1r-n	16380	4.595273665021564	-1.33431	36.8915
-OM6KSwzXCvcAGACtfrE	2025-03-24 11:47:28.576204+03	2025-03-24 11:47:28.576211+03	f	Nairobi Serena Hotel	https://images.trvl-media.com/lodging/1000000/10000/9900/9864/0c7f247c.jpg?impolicy=resizecrop&rw=455&ra=fit	Kilimani	278	4.7	-OM6KSwyUsub9UrKEIai	25480	4.684177883542798	-1.287415	36.814143
-OM6KSx3m777BLg81fL2	2025-03-24 11:47:28.580803+03	2025-03-24 11:47:28.580811+03	f	Executive Residency by Best Western Nairobi	https://images.trvl-media.com/lodging/17000000/16710000/16706000/16705977/e9c58ec6.jpg?impolicy=resizecrop&rw=455&ra=fit	Kileleshwa	110	4.7	-OM6KSx2JaefUqxVBNmr	14560	4.660962900444021	-1.268344	36.785862
-OM6KSwGuomV-8v03Ily	2025-03-24 11:47:28.529816+03	2025-03-24 11:47:28.529824+03	f	Mimosa Court Apartments	https://images.trvl-media.com/lodging/18000000/17280000/17277400/17277335/3ae81b54.jpg?impolicy=resizecrop&rw=455&ra=fit	Nairobi	71	4.5	-OM6KSwFE2U37qGuXpNq	13390	4.452718570872058	-1.30043	36.79889
-OM6KSxIQO2ipkb3tHSI	2025-03-24 11:47:28.596646+03	2025-03-24 11:47:28.596654+03	f	Karen Inn and Suites	https://images.trvl-media.com/lodging/11000000/10010000/10001000/10000976/f7520854.jpg?impolicy=resizecrop&rw=455&ra=fit	Karen	24	3.6	-OM6KSxFsVUU7tko7txm	14820	\N	-1.321793	36.71715
-OM6KSxNffh6POzuDdHF	2025-03-24 11:47:28.601086+03	2025-03-24 11:47:28.601095+03	f	PrideInn Westlands Luxury Boutique Hotel	https://images.trvl-media.com/lodging/5000000/4180000/4175300/4175207/b69d9d24.jpg?impolicy=resizecrop&rw=455&ra=fit	Westlands	61	3.8	-OM6KSxMu2pCWyUcG-aw	13780	\N	-1.266557	36.805937
-OM6KSxPKBf1FPVauJUi	2025-03-24 11:47:28.603285+03	2025-03-24 11:47:28.603292+03	f	Travelers Safari - Westlands	https://images.trvl-media.com/lodging/100000000/99920000/99918000/99917995/48a5d745.jpg?impolicy=resizecrop&rw=455&ra=fit	Westlands	0	0	-OM6KSxOX2uxRva0wn20	40950	\N	-1.271344	36.808614
-OM6KSxVclJ0bgVQ2XoN	2025-03-24 11:47:28.609727+03	2025-03-24 11:47:28.609734+03	f	Mövenpick Hotel & Residences Nairobi	https://images.trvl-media.com/lodging/23000000/22480000/22473200/22473160/cc6f24ea.jpg?impolicy=resizecrop&rw=455&ra=fit	Nairobi	193	4.4	-OM6KSxUNwpwEENIfaeD	16770	\N	-1.26124	36.80458
-OM6KSxYmlibK5lzh0CB	2025-03-24 11:47:28.611962+03	2025-03-24 11:47:28.611969+03	f	Lux Suites Capital Rise Apartments	https://images.trvl-media.com/lodging/111000000/110560000/110550700/110550615/73af2729.jpg?impolicy=resizecrop&rw=455&ra=fit	Kilimani	0	0	-OM6KSxX4iVzCAptLOTC	15860	\N	-1.296324	36.783891
-OM6KSxaXZSS0RIc-4XC	2025-03-24 11:47:28.615471+03	2025-03-24 11:47:28.615478+03	f	Hyatt House Nairobi Westlands	https://images.trvl-media.com/lodging/111000000/110560000/110554600/110554585/53bbd55f.jpg?impolicy=resizecrop&rw=455&ra=fit	Nairobi	0	0	-OM6KSxZHwb1_mBo_x2r	18330	\N	-1.260175	36.80259
-OM6KSxcxqwsFvixOZYo	2025-03-24 11:47:28.617445+03	2025-03-24 11:47:28.617452+03	f	Riverside Park by YourHost	https://images.trvl-media.com/lodging/90000000/89480000/89474500/89474430/2b03417c.jpg?impolicy=resizecrop&rw=455&ra=fit	Kilimani	0	0	-OM6KSxbp8cU9UXP1Lu3	15730	\N	-1.282405	36.79068
-OM6KSxeZoNZUfbnBqTf	2025-03-24 11:47:28.619331+03	2025-03-24 11:47:28.619338+03	f	Purple Haze by Aircasa	https://images.trvl-media.com/lodging/95000000/94660000/94658900/94658824/605db4d1.jpg?impolicy=resizecrop&rw=455&ra=fit	Kilimani	5	2.6	-OM6KSxdmVaakUm9k-7V	16510	\N	-1.283448	36.790606
-OM6KSxg02eu9qzdpLJ5	2025-03-24 11:47:28.621169+03	2025-03-24 11:47:28.621176+03	f	Vesta Garden Apartments Kilimani	https://images.trvl-media.com/lodging/111000000/110390000/110386400/110386369/578f9015.jpg?impolicy=resizecrop&rw=455&ra=fit	Kilimani	0	0	-OM6KSxfiEUCT-egEYQD	14560	\N	-1.29915	36.791729
-OM6KSxiFvHdBd-w6yw-	2025-03-24 11:47:28.622887+03	2025-03-24 11:47:28.622895+03	f	Comfort Gardens	https://images.trvl-media.com/lodging/6000000/5570000/5563700/5563671/a7b652f6.jpg?impolicy=resizecrop&rw=455&ra=fit	Gigiri	30	3.5	-OM6KSxhTD7Ar4hCbRiz	14300	\N	-1.23144	36.80442
-OM6KSxk2ZPgoisDpLm3	2025-03-24 11:47:28.624742+03	2025-03-24 11:47:28.62475+03	f	La Belle Villa	https://images.trvl-media.com/lodging/20000000/19820000/19816100/19816094/3ddbae26.jpg?impolicy=resizecrop&rw=455&ra=fit	Karen	0	0	-OM6KSxjoDuOpu4Pr6Zj	39000	\N	-1.373446	36.739149
-OM6KSxn14vtmsBtEQsR	2025-03-24 11:47:28.628492+03	2025-03-24 11:47:28.628499+03	f	Capital White Mischief Line  by YourHost	https://images.trvl-media.com/lodging/106000000/105630000/105622200/105622185/ee05f01f.jpg?impolicy=resizecrop&rw=455&ra=fit	Westlands	1	4	-OM6KSxmVLfP18gWSsW8	14430	\N	-1.26458	36.806712
-OM6KSxp4ae1_HLtXwSB	2025-03-24 11:47:28.630411+03	2025-03-24 11:47:28.630418+03	f	Karen Crescent Hotel	https://images.trvl-media.com/lodging/20000000/19780000/19779600/19779508/f671a5ee.jpg?impolicy=resizecrop&rw=455&ra=fit	Karen	0	0	-OM6KSxoCHrPRgSr1VMM	17810	\N	-1.338633	36.742995
-OM6KSxtkpYkBYI3zku5	2025-03-24 11:47:28.634341+03	2025-03-24 11:47:28.634349+03	f	Myra Residences Kilimani	https://images.trvl-media.com/lodging/107000000/106640000/106631600/106631512/b129981a.jpg?impolicy=resizecrop&rw=455&ra=fit	Kilimani	0	0	-OM6KSxssj_-cOWeP69Z	15860	\N	-1.297554	36.794316
-OM6KSxvtPTOUX3QK-YA	2025-03-24 11:47:28.636357+03	2025-03-24 11:47:28.636364+03	f	Lux Suites Vesta Gardens Apartments	https://images.trvl-media.com/lodging/107000000/106810000/106803200/106803162/1f4d611d.jpg?impolicy=resizecrop&rw=455&ra=fit	Kilimani	0	0	-OM6KSxu_3z75OmJp3qV	14040	\N	-1.299202	36.791669
-OM6KSxxtfd8IkzkookZ	2025-03-24 11:47:28.638386+03	2025-03-24 11:47:28.638394+03	f	THE PREMIER SUITES	https://images.trvl-media.com/lodging/79000000/78750000/78746500/78746435/4087cd26.jpg?impolicy=resizecrop&rw=455&ra=fit	Gigiri	36	4.4	-OM6KSxw0BT6wAmAin1E	16640	\N	-1.232368	36.808404
-OM6KSxzAM9HqEOQ5z0T	2025-03-24 11:47:28.640403+03	2025-03-24 11:47:28.64041+03	f	Samra Court	https://images.trvl-media.com/lodging/33000000/32600000/32598800/32598788/1909b9d0.jpg?impolicy=resizecrop&rw=455&ra=fit	Kilimani	0	0	-OM6KSxyH75g3I-sdziq	19890	\N	-1.292565	36.788756
-OM6KSxCFMZTPivUknvx	2025-03-24 11:47:28.590004+03	2025-03-24 11:47:28.590011+03	f	Park Inn by Radisson Nairobi Westlands	https://images.trvl-media.com/lodging/18000000/17930000/17924800/17924777/3e9fe8d1.jpg?impolicy=resizecrop&rw=455&ra=fit	Nairobi	191	4.5	-OM6KSxBUu1nV6ox4-V4	13390	4.481740419953147	-1.263424	36.80048
-OM6KSxEnebMe0HeILHN	2025-03-24 11:47:28.592337+03	2025-03-24 11:47:28.592347+03	f	Fairmont The Norfolk	https://images.trvl-media.com/lodging/1000000/10000/8200/8123/8b8a7668.jpg?impolicy=resizecrop&rw=455&ra=fit	Nairobi	178	4.5	-OM6KSxD0Zk-Z16ptZyU	25870	4.480439737538851	-1.278581	36.81624
-OM6KSxLMmu64EhI2LTx	2025-03-24 11:47:28.598983+03	2025-03-24 11:47:28.59899+03	f	Four Points By Sheraton Nairobi Airport	https://images.trvl-media.com/lodging/21000000/20860000/20852700/20852699/ec99ccb9.jpg?impolicy=resizecrop&rw=455&ra=fit	Embakasi	855	4.6	-OM6KSxKLslKfgFSx3PF	26520	4.5953231554401865	-1.339784	36.919796
-OM6KSxRXnvcx0rCNFOU	2025-03-24 11:47:28.605358+03	2025-03-24 11:47:28.605366+03	f	DoubleTree by Hilton Nairobi Hurlingham	https://images.trvl-media.com/lodging/13000000/12950000/12944200/12944190/8057c91e.jpg?impolicy=resizecrop&rw=455&ra=fit	Nairobi	205	4.5	-OM6KSxQ1KgiSv2Jw9bd	13260	4.482960630552937	-1.300946	36.784897
-OM6KSxTQYCnojhSr82E	2025-03-24 11:47:28.607474+03	2025-03-24 11:47:28.607481+03	f	Riverside Park	https://images.trvl-media.com/lodging/106000000/105480000/105479000/105478939/9901b1ab.jpg?impolicy=resizecrop&rw=455&ra=fit	Nairobi	1	5	-OM6KSxSY7q2WsHYtt8h	13260	3.941864018334607	-1.270258	36.80625
-OM6KSxlyvv24pPm695k	2025-03-24 11:47:28.626596+03	2025-03-24 11:47:28.626603+03	f	Riverside Tropical oasis 4bedroom	https://images.trvl-media.com/lodging/106000000/105520000/105518100/105518054/0d6c2073.jpg?impolicy=resizecrop&rw=455&ra=fit	Nairobi	3	4.5	-OM6KSxlEl0m7gbPIg1t	14950	4.024033613445378	-1.270797	36.804462
-OM6KSxrZrsV5NZNB_Er	2025-03-24 11:47:28.632387+03	2025-03-24 11:47:28.632395+03	f	Warwick Centre	https://images.trvl-media.com/lodging/94000000/93860000/93853300/93853291/04095401.jpg?impolicy=resizecrop&rw=455&ra=fit	Gigiri	3	5	-OM6KSxqcxKPPLbtxouB	24050	4.224033613445378	-1.235516	36.811444
-OM6KSxAOYfZFYKY7aKG	2025-03-24 11:47:28.588285+03	2025-03-24 11:47:28.588291+03	f	Yaya Hotel and Apartments	https://images.trvl-media.com/lodging/20000000/19800000/19791300/19791204/56229f97.jpg?impolicy=resizecrop&rw=455&ra=fit	Kilimani	49	4.7	-OM6KSx9Mdi8x9Ufp_Kl	37050	4.616453310296081	-1.29253	36.788375
-OM6KSy0Af8qMNDklCuN	2025-03-24 11:47:28.64251+03	2025-03-24 11:47:28.642517+03	f	Lux Suites Skyline Apartments Kilimani	https://images.trvl-media.com/lodging/101000000/100100000/100098400/100098377/953aabe7.jpg?impolicy=resizecrop&rw=455&ra=fit	Kilimani	2	2.8	-OM6KSy-NW1Jrq0DLbPo	15860	\N	-1.293738	36.791236
-OM6KSyAiPrBpln0GtRw	2025-03-24 11:47:28.65218+03	2025-03-24 11:47:28.652188+03	f	The Panari Hotel - Near Jomo Kenyatta International Airport	https://images.trvl-media.com/lodging/3000000/2420000/2417800/2417709/f67b87ad.jpg?impolicy=resizecrop&rw=455&ra=fit	Nairobi	256	4	-OM6KSy753Z2yTJ5Gndp	13000	\N	-1.329491	36.855423
-OM6KSyC0lPBRT7upVTt	2025-03-24 11:47:28.654149+03	2025-03-24 11:47:28.654157+03	f	Lux Suites Laurel Hill Suites	https://images.trvl-media.com/lodging/112000000/111210000/111203700/111203608/a5e55872.jpg?impolicy=resizecrop&rw=455&ra=fit	Nairobi Upper Hill	13	4.4	-OM6KSyBZWsZ83hymLmi	14040	\N	-1.305259	36.81328
-OM6KSyEu4pDlseXskCi	2025-03-24 11:47:28.65609+03	2025-03-24 11:47:28.656097+03	f	Le Mac Apartments Westlands	https://images.trvl-media.com/lodging/104000000/103920000/103917600/103917584/0808d43a.jpg?impolicy=resizecrop&rw=455&ra=fit	Nairobi	0	0	-OM6KSyDT-zF9qc7RxrY	17550	\N	-1.26199	36.78919
-OM6KSyGNlDlx9H9wddx	2025-03-24 11:47:28.657908+03	2025-03-24 11:47:28.657915+03	f	Maasai Lodge	https://images.trvl-media.com/lodging/37000000/36290000/36286600/36286520/2af3d9ed.jpg?impolicy=resizecrop&rw=455&ra=fit	Nairobi	25	4.3	-OM6KSyFbxufe4-pe9jd	16380	\N	-1.292066	36.821946
-OM6KSyIqHsO9QT-sFcf	2025-03-24 11:47:28.659821+03	2025-03-24 11:47:28.659829+03	f	Urban Oasis Apartments Lavington	https://images.trvl-media.com/lodging/106000000/105880000/105872700/105872683/2d1c14c7.jpg?impolicy=resizecrop&rw=455&ra=fit	Nairobi	0	0	-OM6KSyHi9zM9dcQnfS8	15860	\N	-1.293753	36.761395
-OM6KSyKg_gOLK1gwZr5	2025-03-24 11:47:28.661803+03	2025-03-24 11:47:28.66181+03	f	Lux Suites Silver Habor Apartments 	https://images.trvl-media.com/lodging/101000000/100550000/100542800/100542731/1534058e.jpg?impolicy=resizecrop&rw=455&ra=fit	Kilimani	0	0	-OM6KSyJDXOmd5GAEzO9	14040	\N	-1.297717	36.789988
-OM6KSyMlt101Pnej09I	2025-03-24 11:47:28.663841+03	2025-03-24 11:47:28.663848+03	f	Lux Suites Clay City Heights Kasarani	https://images.trvl-media.com/lodging/107000000/106290000/106285100/106285079/fec26ddc.jpg?impolicy=resizecrop&rw=455&ra=fit	Nairobi	0	0	-OM6KSyLm8WAj55oIpx7	14040	\N	-1.213863	36.911338
-OM6KSyOZMmWI3Vls81j	2025-03-24 11:47:28.666339+03	2025-03-24 11:47:28.666347+03	f	Lux Suites Siaya Park Apartments	https://images.trvl-media.com/lodging/102000000/101090000/101087500/101087449/1c9a70ed.jpg?impolicy=resizecrop&rw=455&ra=fit	Kileleshwa	0	0	-OM6KSyN6JuneRjGnz9b	14560	\N	-1.279546	36.791508
-OM6KSyQtpqWrE70LW5Y	2025-03-24 11:47:28.668525+03	2025-03-24 11:47:28.668533+03	f	Lux Suites Lay Canon Apartments Ngara	https://images.trvl-media.com/lodging/108000000/107990000/107982900/107982811/2d142818.jpg?impolicy=resizecrop&rw=455&ra=fit	Nairobi	0	0	-OM6KSyP1cg5X9ILY_pi	14040	\N	-1.275145	36.822102
-OM6KSyTeGTovl61KfEj	2025-03-24 11:47:28.671187+03	2025-03-24 11:47:28.671195+03	f	Lux Suites Silver Habor  Apartments	https://images.trvl-media.com/lodging/101000000/100100000/100099900/100099825/8a4d4c35.jpg?impolicy=resizecrop&rw=455&ra=fit	Kilimani	0	0	-OM6KSySeZOKw5pvJxaD	13260	\N	-1.297722	36.789897
-OM6KSyWYJLqKPZTCqi7	2025-03-24 11:47:28.674621+03	2025-03-24 11:47:28.674629+03	f	Lux Suites Le marc Luxury Apartments	https://images.trvl-media.com/lodging/100000000/99980000/99975900/99975830/33c77336.jpg?impolicy=resizecrop&rw=455&ra=fit	Nairobi	0	0	-OM6KSyVO7npzysFSPEO	14560	\N	-1.26112	36.789414
-OM6KSyaE0V-zwkEH_9i	2025-03-24 11:47:28.679389+03	2025-03-24 11:47:28.679396+03	f	Lux Suites Staroot Residency Kilimani	https://images.trvl-media.com/lodging/103000000/102940000/102931200/102931166/39a4d6be.jpg?impolicy=resizecrop&rw=455&ra=fit	Kilimani	0	0	-OM6KSyYhm4BXwDKw-qN	13130	\N	-1.292241	36.785504
-OM6KSy5zZvsQN6hvI2x	2025-03-24 11:47:28.647788+03	2025-03-24 11:47:28.647797+03	f	House of Waine	https://images.trvl-media.com/lodging/9000000/8730000/8726300/8726236/e9bbb353.jpg?impolicy=resizecrop&rw=455&ra=fit	Karen	2	5	-OM6KSy4CAsEcThgH64s	56030	4.104654169360052	-1.355778	36.723124
-OM6KSuULV_uFoYTxvXa	2025-03-24 11:47:28.425443+03	2025-03-24 11:47:28.42545+03	f	The Sarova Stanley	https://a.travel-assets.com/media/meso_cm/PAPI/Images/lodging/2000000/1400000/1395300/1395252/fafe78a4_b.jpg?impolicy=resizecrop&rw=455&ra=fit	Nairobi	689	4.5	-OM6KSuAYL69hEukNB3u	17160	4.494852562510223	-1.283851	36.822837
-OM6KSv01GTRl28x0BAc	2025-03-24 11:47:28.449854+03	2025-03-24 11:47:28.449861+03	f	The Social House Nairobi, a Preferred Lifestyle Hotel	https://images.trvl-media.com/lodging/45000000/44560000/44558800/44558772/f605ce40.jpg?impolicy=resizecrop&rw=455&ra=fit	Nairobi	105	4.8	-OM6KSv-vLNWCFq43ESw	21710	4.755070795441464	-1.284146	36.764373
-OM6KSvOry5LarwZ8M9e	2025-03-24 11:47:28.473646+03	2025-03-24 11:47:28.473653+03	f	Tamarind Tree Hotel	https://images.trvl-media.com/lodging/21000000/20620000/20610200/20610178/9d8f3b1b.jpg?impolicy=resizecrop&rw=455&ra=fit	Nairobi West	138	4.7	-OM6KSvN_G4VvghuBI_5	19500	4.668633348076073	-1.322628	36.805719
-OM6KSwDDQkj_QnawIdl	2025-03-24 11:47:28.527462+03	2025-03-24 11:47:28.527469+03	f	Deerpark Luxury Stays	https://images.trvl-media.com/lodging/100000000/99250000/99248400/99248353/f054fadf.jpg?impolicy=resizecrop&rw=455&ra=fit	Nairobi	14	4.8	-OM6KSwC_3pPlxCeEZxQ	14820	4.534067681126505	-1.293934	36.769676
-OM6KSx7ey7_8tVhrm6n	2025-03-24 11:47:28.585616+03	2025-03-24 11:47:28.585637+03	f	Aero Club of East Africa	https://images.trvl-media.com/lodging/35000000/34980000/34979600/34979521/e399d410.jpg?impolicy=resizecrop&rw=455&ra=fit	Nairobi West	26	4.8	-OM6KSx6E5qs7UebzaPK	13910	4.638696790191486	-1.32148	36.8087
-OM6KSy3H_Q59aZ14O8v	2025-03-24 11:47:28.644944+03	2025-03-24 11:47:28.644964+03	f	Karen Blixen Coffee Garden & Cottages	https://images.trvl-media.com/lodging/92000000/91340000/91339100/91339060/08838a3c.jpg?impolicy=resizecrop&rw=455&ra=fit	Karen	2	5	-OM6KSy25ShBdID9CBve	44460	4.104654169360052	-1.345429	36.71413
\.


--
-- Name: auth_group_id_seq; Type: SEQUENCE SET; Schema: public; Owner: -
--

SELECT pg_catalog.setval('public.auth_group_id_seq', 1, false);


--
-- Name: auth_group_permissions_id_seq; Type: SEQUENCE SET; Schema: public; Owner: -
--

SELECT pg_catalog.setval('public.auth_group_permissions_id_seq', 1, false);


--
-- Name: auth_permission_id_seq; Type: SEQUENCE SET; Schema: public; Owner: -
--

SELECT pg_catalog.setval('public.auth_permission_id_seq', 32, true);


--
-- Name: authentication_user_groups_id_seq; Type: SEQUENCE SET; Schema: public; Owner: -
--

SELECT pg_catalog.setval('public.authentication_user_groups_id_seq', 1, false);


--
-- Name: authentication_user_user_permissions_id_seq; Type: SEQUENCE SET; Schema: public; Owner: -
--

SELECT pg_catalog.setval('public.authentication_user_user_permissions_id_seq', 1, false);


--
-- Name: django_admin_log_id_seq; Type: SEQUENCE SET; Schema: public; Owner: -
--

SELECT pg_catalog.setval('public.django_admin_log_id_seq', 1, false);


--
-- Name: django_content_type_id_seq; Type: SEQUENCE SET; Schema: public; Owner: -
--

SELECT pg_catalog.setval('public.django_content_type_id_seq', 8, true);


--
-- Name: django_migrations_id_seq; Type: SEQUENCE SET; Schema: public; Owner: -
--

SELECT pg_catalog.setval('public.django_migrations_id_seq', 28, true);


--
-- Name: auth_group auth_group_name_key; Type: CONSTRAINT; Schema: public; Owner: -
--

ALTER TABLE ONLY public.auth_group
    ADD CONSTRAINT auth_group_name_key UNIQUE (name);


--
-- Name: auth_group_permissions auth_group_permissions_group_id_permission_id_0cd325b0_uniq; Type: CONSTRAINT; Schema: public; Owner: -
--

ALTER TABLE ONLY public.auth_group_permissions
    ADD CONSTRAINT auth_group_permissions_group_id_permission_id_0cd325b0_uniq UNIQUE (group_id, permission_id);


--
-- Name: auth_group_permissions auth_group_permissions_pkey; Type: CONSTRAINT; Schema: public; Owner: -
--

ALTER TABLE ONLY public.auth_group_permissions
    ADD CONSTRAINT auth_group_permissions_pkey PRIMARY KEY (id);


--
-- Name: auth_group auth_group_pkey; Type: CONSTRAINT; Schema: public; Owner: -
--

ALTER TABLE ONLY public.auth_group
    ADD CONSTRAINT auth_group_pkey PRIMARY KEY (id);


--
-- Name: auth_permission auth_permission_content_type_id_codename_01ab375a_uniq; Type: CONSTRAINT; Schema: public; Owner: -
--

ALTER TABLE ONLY public.auth_permission
    ADD CONSTRAINT auth_permission_content_type_id_codename_01ab375a_uniq UNIQUE (content_type_id, codename);


--
-- Name: auth_permission auth_permission_pkey; Type: CONSTRAINT; Schema: public; Owner: -
--

ALTER TABLE ONLY public.auth_permission
    ADD CONSTRAINT auth_permission_pkey PRIMARY KEY (id);


--
-- Name: authentication_user authentication_user_email_key; Type: CONSTRAINT; Schema: public; Owner: -
--

ALTER TABLE ONLY public.authentication_user
    ADD CONSTRAINT authentication_user_email_key UNIQUE (email);


--
-- Name: authentication_user_groups authentication_user_groups_pkey; Type: CONSTRAINT; Schema: public; Owner: -
--

ALTER TABLE ONLY public.authentication_user_groups
    ADD CONSTRAINT authentication_user_groups_pkey PRIMARY KEY (id);


--
-- Name: authentication_user_groups authentication_user_groups_user_id_group_id_8af031ac_uniq; Type: CONSTRAINT; Schema: public; Owner: -
--

ALTER TABLE ONLY public.authentication_user_groups
    ADD CONSTRAINT authentication_user_groups_user_id_group_id_8af031ac_uniq UNIQUE (user_id, group_id);


--
-- Name: authentication_user authentication_user_pkey; Type: CONSTRAINT; Schema: public; Owner: -
--

ALTER TABLE ONLY public.authentication_user
    ADD CONSTRAINT authentication_user_pkey PRIMARY KEY (id);


--
-- Name: authentication_user_user_permissions authentication_user_user_permissions_pkey; Type: CONSTRAINT; Schema: public; Owner: -
--

ALTER TABLE ONLY public.authentication_user_user_permissions
    ADD CONSTRAINT authentication_user_user_permissions_pkey PRIMARY KEY (id);


--
-- Name: authentication_user_user_permissions authentication_user_user_user_id_permission_id_ec51b09f_uniq; Type: CONSTRAINT; Schema: public; Owner: -
--

ALTER TABLE ONLY public.authentication_user_user_permissions
    ADD CONSTRAINT authentication_user_user_user_id_permission_id_ec51b09f_uniq UNIQUE (user_id, permission_id);


--
-- Name: django_admin_log django_admin_log_pkey; Type: CONSTRAINT; Schema: public; Owner: -
--

ALTER TABLE ONLY public.django_admin_log
    ADD CONSTRAINT django_admin_log_pkey PRIMARY KEY (id);


--
-- Name: django_content_type django_content_type_app_label_model_76bd3d3b_uniq; Type: CONSTRAINT; Schema: public; Owner: -
--

ALTER TABLE ONLY public.django_content_type
    ADD CONSTRAINT django_content_type_app_label_model_76bd3d3b_uniq UNIQUE (app_label, model);


--
-- Name: django_content_type django_content_type_pkey; Type: CONSTRAINT; Schema: public; Owner: -
--

ALTER TABLE ONLY public.django_content_type
    ADD CONSTRAINT django_content_type_pkey PRIMARY KEY (id);


--
-- Name: django_migrations django_migrations_pkey; Type: CONSTRAINT; Schema: public; Owner: -
--

ALTER TABLE ONLY public.django_migrations
    ADD CONSTRAINT django_migrations_pkey PRIMARY KEY (id);


--
-- Name: django_session django_session_pkey; Type: CONSTRAINT; Schema: public; Owner: -
--

ALTER TABLE ONLY public.django_session
    ADD CONSTRAINT django_session_pkey PRIMARY KEY (session_key);


--
-- Name: hotels_address hotels_address_pkey; Type: CONSTRAINT; Schema: public; Owner: -
--

ALTER TABLE ONLY public.hotels_address
    ADD CONSTRAINT hotels_address_pkey PRIMARY KEY (id);


--
-- Name: hotels_hotel hotels_hotel_pkey; Type: CONSTRAINT; Schema: public; Owner: -
--

ALTER TABLE ONLY public.hotels_hotel
    ADD CONSTRAINT hotels_hotel_pkey PRIMARY KEY (id);


--
-- Name: auth_group_name_a6ea08ec_like; Type: INDEX; Schema: public; Owner: -
--

CREATE INDEX auth_group_name_a6ea08ec_like ON public.auth_group USING btree (name varchar_pattern_ops);


--
-- Name: auth_group_permissions_group_id_b120cbf9; Type: INDEX; Schema: public; Owner: -
--

CREATE INDEX auth_group_permissions_group_id_b120cbf9 ON public.auth_group_permissions USING btree (group_id);


--
-- Name: auth_group_permissions_permission_id_84c5c92e; Type: INDEX; Schema: public; Owner: -
--

CREATE INDEX auth_group_permissions_permission_id_84c5c92e ON public.auth_group_permissions USING btree (permission_id);


--
-- Name: auth_permission_content_type_id_2f476e4b; Type: INDEX; Schema: public; Owner: -
--

CREATE INDEX auth_permission_content_type_id_2f476e4b ON public.auth_permission USING btree (content_type_id);


--
-- Name: authentication_user_email_2220eff5_like; Type: INDEX; Schema: public; Owner: -
--

CREATE INDEX authentication_user_email_2220eff5_like ON public.authentication_user USING btree (email varchar_pattern_ops);


--
-- Name: authentication_user_first_name_7e13c261; Type: INDEX; Schema: public; Owner: -
--

CREATE INDEX authentication_user_first_name_7e13c261 ON public.authentication_user USING btree (first_name);


--
-- Name: authentication_user_first_name_7e13c261_like; Type: INDEX; Schema: public; Owner: -
--

CREATE INDEX authentication_user_first_name_7e13c261_like ON public.authentication_user USING btree (first_name varchar_pattern_ops);


--
-- Name: authentication_user_groups_group_id_6b5c44b7; Type: INDEX; Schema: public; Owner: -
--

CREATE INDEX authentication_user_groups_group_id_6b5c44b7 ON public.authentication_user_groups USING btree (group_id);


--
-- Name: authentication_user_groups_user_id_30868577; Type: INDEX; Schema: public; Owner: -
--

CREATE INDEX authentication_user_groups_user_id_30868577 ON public.authentication_user_groups USING btree (user_id);


--
-- Name: authentication_user_last_name_685097d4; Type: INDEX; Schema: public; Owner: -
--

CREATE INDEX authentication_user_last_name_685097d4 ON public.authentication_user USING btree (last_name);


--
-- Name: authentication_user_last_name_685097d4_like; Type: INDEX; Schema: public; Owner: -
--

CREATE INDEX authentication_user_last_name_685097d4_like ON public.authentication_user USING btree (last_name varchar_pattern_ops);


--
-- Name: authentication_user_user_permissions_permission_id_ea6be19a; Type: INDEX; Schema: public; Owner: -
--

CREATE INDEX authentication_user_user_permissions_permission_id_ea6be19a ON public.authentication_user_user_permissions USING btree (permission_id);


--
-- Name: authentication_user_user_permissions_user_id_736ebf7e; Type: INDEX; Schema: public; Owner: -
--

CREATE INDEX authentication_user_user_permissions_user_id_736ebf7e ON public.authentication_user_user_permissions USING btree (user_id);


--
-- Name: django_admin_log_content_type_id_c4bce8eb; Type: INDEX; Schema: public; Owner: -
--

CREATE INDEX django_admin_log_content_type_id_c4bce8eb ON public.django_admin_log USING btree (content_type_id);


--
-- Name: django_admin_log_user_id_c564eba6; Type: INDEX; Schema: public; Owner: -
--

CREATE INDEX django_admin_log_user_id_c564eba6 ON public.django_admin_log USING btree (user_id);


--
-- Name: django_session_expire_date_a5c62663; Type: INDEX; Schema: public; Owner: -
--

CREATE INDEX django_session_expire_date_a5c62663 ON public.django_session USING btree (expire_date);


--
-- Name: django_session_session_key_c0390e0f_like; Type: INDEX; Schema: public; Owner: -
--

CREATE INDEX django_session_session_key_c0390e0f_like ON public.django_session USING btree (session_key varchar_pattern_ops);


--
-- Name: hotels_address_id_97f38426_like; Type: INDEX; Schema: public; Owner: -
--

CREATE INDEX hotels_address_id_97f38426_like ON public.hotels_address USING btree (id varchar_pattern_ops);


--
-- Name: hotels_hotel_address_id_1b7b3ea7; Type: INDEX; Schema: public; Owner: -
--

CREATE INDEX hotels_hotel_address_id_1b7b3ea7 ON public.hotels_hotel USING btree (address_id);


--
-- Name: hotels_hotel_address_id_1b7b3ea7_like; Type: INDEX; Schema: public; Owner: -
--

CREATE INDEX hotels_hotel_address_id_1b7b3ea7_like ON public.hotels_hotel USING btree (address_id varchar_pattern_ops);


--
-- Name: hotels_hotel_id_d1c11306_like; Type: INDEX; Schema: public; Owner: -
--

CREATE INDEX hotels_hotel_id_d1c11306_like ON public.hotels_hotel USING btree (id varchar_pattern_ops);


--
-- Name: auth_group_permissions auth_group_permissio_permission_id_84c5c92e_fk_auth_perm; Type: FK CONSTRAINT; Schema: public; Owner: -
--

ALTER TABLE ONLY public.auth_group_permissions
    ADD CONSTRAINT auth_group_permissio_permission_id_84c5c92e_fk_auth_perm FOREIGN KEY (permission_id) REFERENCES public.auth_permission(id) DEFERRABLE INITIALLY DEFERRED;


--
-- Name: auth_group_permissions auth_group_permissions_group_id_b120cbf9_fk_auth_group_id; Type: FK CONSTRAINT; Schema: public; Owner: -
--

ALTER TABLE ONLY public.auth_group_permissions
    ADD CONSTRAINT auth_group_permissions_group_id_b120cbf9_fk_auth_group_id FOREIGN KEY (group_id) REFERENCES public.auth_group(id) DEFERRABLE INITIALLY DEFERRED;


--
-- Name: auth_permission auth_permission_content_type_id_2f476e4b_fk_django_co; Type: FK CONSTRAINT; Schema: public; Owner: -
--

ALTER TABLE ONLY public.auth_permission
    ADD CONSTRAINT auth_permission_content_type_id_2f476e4b_fk_django_co FOREIGN KEY (content_type_id) REFERENCES public.django_content_type(id) DEFERRABLE INITIALLY DEFERRED;


--
-- Name: authentication_user_user_permissions authentication_user__permission_id_ea6be19a_fk_auth_perm; Type: FK CONSTRAINT; Schema: public; Owner: -
--

ALTER TABLE ONLY public.authentication_user_user_permissions
    ADD CONSTRAINT authentication_user__permission_id_ea6be19a_fk_auth_perm FOREIGN KEY (permission_id) REFERENCES public.auth_permission(id) DEFERRABLE INITIALLY DEFERRED;


--
-- Name: authentication_user_groups authentication_user_groups_group_id_6b5c44b7_fk_auth_group_id; Type: FK CONSTRAINT; Schema: public; Owner: -
--

ALTER TABLE ONLY public.authentication_user_groups
    ADD CONSTRAINT authentication_user_groups_group_id_6b5c44b7_fk_auth_group_id FOREIGN KEY (group_id) REFERENCES public.auth_group(id) DEFERRABLE INITIALLY DEFERRED;


--
-- Name: authentication_user_groups authentication_user_groups_user_id_30868577_fk; Type: FK CONSTRAINT; Schema: public; Owner: -
--

ALTER TABLE ONLY public.authentication_user_groups
    ADD CONSTRAINT authentication_user_groups_user_id_30868577_fk FOREIGN KEY (user_id) REFERENCES public.authentication_user(id) DEFERRABLE INITIALLY DEFERRED;


--
-- Name: authentication_user_user_permissions authentication_user_user_permissions_user_id_736ebf7e_fk; Type: FK CONSTRAINT; Schema: public; Owner: -
--

ALTER TABLE ONLY public.authentication_user_user_permissions
    ADD CONSTRAINT authentication_user_user_permissions_user_id_736ebf7e_fk FOREIGN KEY (user_id) REFERENCES public.authentication_user(id) DEFERRABLE INITIALLY DEFERRED;


--
-- Name: django_admin_log django_admin_log_content_type_id_c4bce8eb_fk_django_co; Type: FK CONSTRAINT; Schema: public; Owner: -
--

ALTER TABLE ONLY public.django_admin_log
    ADD CONSTRAINT django_admin_log_content_type_id_c4bce8eb_fk_django_co FOREIGN KEY (content_type_id) REFERENCES public.django_content_type(id) DEFERRABLE INITIALLY DEFERRED;


--
-- Name: django_admin_log django_admin_log_user_id_c564eba6_fk; Type: FK CONSTRAINT; Schema: public; Owner: -
--

ALTER TABLE ONLY public.django_admin_log
    ADD CONSTRAINT django_admin_log_user_id_c564eba6_fk FOREIGN KEY (user_id) REFERENCES public.authentication_user(id) DEFERRABLE INITIALLY DEFERRED;


--
-- Name: hotels_hotel hotels_hotel_address_id_1b7b3ea7_fk_hotels_address_id; Type: FK CONSTRAINT; Schema: public; Owner: -
--

ALTER TABLE ONLY public.hotels_hotel
    ADD CONSTRAINT hotels_hotel_address_id_1b7b3ea7_fk_hotels_address_id FOREIGN KEY (address_id) REFERENCES public.hotels_address(id) DEFERRABLE INITIALLY DEFERRED;


--
-- PostgreSQL database dump complete
--

